#️⃣	# かこみすうじ しゃーぷ しゃーぷだいやる
*️⃣	* かこみすうじ
0️⃣	0 かこみすうじ ０
1️⃣	1 かこみすうじ １
2️⃣	2 かこみすうじ ２
3️⃣	3 かこみすうじ ３
4️⃣	4 かこみすうじ ４
5️⃣	5 かこみすうじ ５
6️⃣	6 かこみすうじ ６
7️⃣	7 かこみすうじ ７
8️⃣	8 かこみすうじ ８
9️⃣	9 かこみすうじ ９
©️	Cまーく きごう こぴーらいと ちょさくけん ちょさくけんまーく
®️	あーるまーく きごう とうろくしょうひょう とうろくしょうひょうまーく
‼️	! えくすくらめーしょんまーく きごう にじゅうかんたんふ びっくりまーく やくもの ！ ！！
⁉️	! !? ? かんたんふぎもんふ きごう はてなまーく びっくりまーく ！ ！？ ？
™️	 TMまーく きごう しょうひょう しょうひょうまーく とれーどまーく
ℹ️	i iまーく いんふぉめーしょん いんふぉめーしょんしんぼる じょうほう
↔️	さゆう さゆうやじるし やじるし やじるしさゆう
↕️	じょうげ じょうげやじるし やじるし やじるしじょうげ
↖️	 ひだりうえ ひだりうえやじるし ほくせい やじるし
↗️	 ほくとう みぎうえ みぎうえやじるし やじるし
↘️	 なんとう みぎした みぎしたやじるし やじるし
↙️	 なんせい ひだりした ひだりしたやじるし やじるし
↩️	 かーぶ きょくせん ひだり みぎかーぶやじるし やじるし
↪️	 かーぶ きょくせん ひだりかーぶやじるし みぎ やじるし
⌚️	うでどけい とけい
⌛️	 すな すなどけい とけい
⌨️	pc きーぼーど こんぴゅーたー ぱそこん ぴーしー
⏏️	いじぇくと とりだし とりだしぼたん ぼたん
⏩️	はやおくり はやおくりぼたん ぼたん みぎ やじるし
⏪️	はやもどし はやもどしぼたん ひだり まきもどし もどる やじるし
⏫️	 うえ こうそくじょうぼたん にじゅう ぼたん やじるし
⏬️	 こうそくしたぼたん した にじゅう ぼたん やじるし
⏭️	つぎのきょくぼたん つぎのしーん つぎのとらっく ぼたん やじるし
⏮️	ぼたん まえのきょくぼたん まえのしーん まえのとらっく やじるし
⏯️	いちじていし いちじていしぼたん さいせい さいせいぼたん さいせい／いちじていしぼたん ぼたん やじるし
⏰️	 あらーむ とけい めざまし めざましどけい
⏱️	すとっぷうぉっち とけい
⏲️	たいまー とけい
⏳️	 すな すながおちているすなどけい すなどけい とけい
⏸️	いちじていし いちじていしぼたん ぼたん ぽーず
⏹️	すとっぷ ていし ていしぼたん ぼたん
⏺️	ぼたん ろくおん ろくおんろくがぼたん ろくが
Ⓜ️	M ちかてつ まる まるいえむまーく
▪️	 くろ くろしかくしょう しかく せいほうけい
▫️	 しかく しろ しろしかくしょう せいほうけい
▶️	さいせい さいせいぼたん つぎへ ぷれい ぼたん みぎむきさんかく やじるし
◀️	ぎゃくさいせい ぎゃくさいせいぼたん ひだりむきさんかく ぼたん まきもどし もどる やじるし
◻️	 しかく しろ しろしかくだい せいほうけい
◼️	 くろ くろしかくだい しかく せいほうけい
◽️	 しかく しろ しろしかくちゅう せいほうけい
◾️	 くろ くろしかくちゅう しかく せいほうけい
☀️	たいよう はれ
☁️	 くも くもり てんき
☂️	あめ かさ てんき もちもの
☃️	ゆき ゆきだるま ゆきだるまとゆき
☄️	うちゅう すいせい
☎️	おやき くろでんわ こていでんわ でんわ ぷっしゅほん ぼたんしきでんわ
☑️	きごう ちぇっく ちぇっくぼっくす ちぇっくまーく
☔️	あめ かさ かさとあめ てんき もちもの
☕️	あたたかいのみもの かっぷ きっさてん こうちゃ こーひー のみもの ほっとどりんく
☘️	くさ くろーばー は
☝️	うえ うえゆびさし て ひとさしゆび ゆびさし
☠️	かお がいこつ すかる どくろ どくろとほね
☢️	きけん ほうしゃせい ほうしゃせん ほうしゃのう
☣️	きけん ばいおはざーど ゆうがいぶっしつ
☦️	きりすときょう しゅうきょう じゅうじか はったんじゅうじか
☪️	いすらむきょう しゅうきょう ほし ほしとみかづき みかづき
☮️	ぴーすまーく へいわ
☯️	いんやん いんよう しゅうきょう どうきょう
☸️	しゅうきょう てんぽうりん ぶっきょう ほうりん
☹️	かお こまった こまったかお しかめつら
☺️	 えがお かお すまいりー すまいる ほっ
♀️	おんな しんぼる じょせい じょせいのまーく
♂️	おとこ しんぼる だんせい だんせいのまーく
♈️	 おひつじざ せいざ
♉️	 おうしざ せいざ
♊️	 せいざ ふたござ
♋️	 かにざ せいざ
♌️	 ししざ せいざ
♍️	 おとめざ せいざ
♎️	 せいざ てんびんざ
♏️	 さそりざ せいざ
♐️	 いてざ せいざ
♑️	 せいざ やぎざ
♒️	 せいざ みずがめざ
♓️	 うおざ せいざ
♟️	こま すてごま ちぇす ちぇすのこま
♠️	かーど すぺーど とらんぷ
♣️	かーど くらぶ くろーばー とらんぷ
♥️	 かーど とらんぷ はーと
♦️	かーど だいあ だいや とらんぷ
♨️	いいきぶん おんせん おんせんまーく
♻️	さいせい さいりよう じゅんかんやじるし りさいくる りさいくるまーく
♾️	えいえん ばんぶつ むげん むげんだい
♿️	 くるまいす ばりあふりー ばりやふりー
⚒️	かなづち こうぐ つるはし とんかち はんまー はんまーとつるはし
⚓️	いかり ふね みなと
⚔️	かたな くろすしたけん けん つるぎ ぶき
⚕️	あすくれぴおすのつえ いしゃ いりょう いりょうのしんぼる ちりょう
⚖️	かがく じっけん せいざ てんびん はかり
⚗️	かがく じっけん じょうりゅうき
⚙️	ぎあ こうぐ はぐるま
⚛️	げんし げんしのしんぼる げんそ ぶんし むしんろん
⚜️	えんぶれむ ふらんすおうけ ふるーるどりす もんしょう ゆり
⚠️	きけん けいこく ちゅうい ひょうしき ！
⚡️	いなずま いなづま かみなり きけん こうでんあつ でんき
⚧️	LGBT しんぼる せいべつ てぃーじー とらんすじぇんだーのまーく
⚪️	 しろ しろいまる まる まるいぼたん
⚫️	 くろ くろいまる まる まるいぼたん
⚰️	かんおけ し ひつぎ まいそう
⚱️	いはい こつつぼ し そうぎ まいそう
⚽️	さっかー さっかーぼーる すぽーつ ぼーる
⚾️	すぽーつ ぼーる やきゅう やきゅうぼーる
⛄️	 ゆき ゆきだるま
⛅️	くも くもり くもりときどきはれ たいよう てんき ときどきくもり
⛈️	あめ いなずま かみなり くも てんき らいう
⛎️	 せいざ へびつかいざ へびつかざ
⛏️	こうぐ さいくつ つるはし
⛑️	きゅうきゅう はくじゅうじ はくじゅうじへるめっと へるめっと
⛓️	くさり ちぇーん
⛓️‍💥	くさり こわれた こわれたくさり ちぇーん
⛔️	きせい しゃりょうしんにゅうきんし たちいりきんし どうろ ひょうしき
⛩️	しゅうきょう しんとう じんじゃ たてもの とりい
⛪️	きょうかい きりすときょう しゅうきょう たてもの ちゃぺる
⛰️	さんがく やま
⛱️	かさ すなはま ぱらそる びーち
⛲️	こうえん ふんすい
⛳️	ごるふ すぽーつ はた ふらぐ ふらっぐ ほーる
⛴️	のりもの ふぇりー ふね
⛵️	のりもの はんせん ふね ぼーと よっと りぞーと
⛷️	すきー すきーやー すとっく すぽーつ
⛸️	あいすすけーと すけーと すぽーつ ふぃぎゅあすけーと
⛹️	きゅうぎ すぽーつ ばすけ ばすけっとぼーる ばすけっとぼーるをするひと
⛹️‍♀️	きゅうぎ じょせい すぽーつ ばすけ ばすけっとぼーる ばすけっとぼーるをするおんな
⛹️‍♂️	きゅうぎ すぽーつ だんせい ばすけ ばすけっとぼーる ばすけっとぼーるをするおとこ
⛺️	きゃんぷ てんと
⛽️	がすすたんど がそりん がそりんすたんど がそりんのずる
✂️	かっと きる はさみ びよういん ぶんぐ ぶんぼうぐ
✅️	きごう しろぬきのちぇっく ちぇっく ちぇっくまーく ぴん
✈️	のりもの ひこうき
✉️	いーめーる てがみ でんしめーる ふうとう めーる ゆうびん
✊️	 ぐー げんこつ て
✋️	きょしゅ て てのひら ぱー
✌️	 ちょき て ぴーす ぶいさいん
✍️	かいているて て てがき てでかく
✏️	 えんぴつ ぶんぐ ぶんぼうぐ
✒️	えでぃっと ぶんぐ ぶんぼうぐ ぺん ぺんさき まんねんひつ
✔️	 きごう ちぇっく ちぇっくまーく ふとじのちぇっく
✖️	かけざん かける きごう きゃんせる じょうざん ばつ ぺけ
✝️	きりすときょう くろす しゅうきょう じゅうじか
✡️	しゅうきょう だびでのほし ほし ゆだやきょう
✨️	 きらきら すたー ぴかぴか ほし
✳️	あすたりすく かざり きごう はっかくあすたりすく ほし やくもの
✴️	かざり きごう すぱーく はっかくせい ほし やくもの
❄️	けっしょう ゆき ゆきのけっしょう
❇️	あすたりすく きごう すぱーく すぱーくる やくもの
❌️	 かけざん きごう きゃんせる じょうざん ばつ ぺけ
❎️	 かけざん きごう きゃんせる しろぬきのばつ じょうざん ばつ ぺけ
❓️	? あかいぎもんふ きごう ぎもんふ くえすちょん くえすちょんまーく はてな はてなまーく やくもの ？
❔️	? きごう くえすちょん くえすちょんまーく しろいぎもんふ はてな はてなまーく やくもの ？
❕️	! えくすくらめーしょんまーく きごう しろいかんたんふ びっくり びっくりまーく やくもの ！
❗️	! あかいかんたんふ えくすくらめーしょんまーく かんたんふ きごう びっくりまーく やくもの ！
❣️	えくすくらめーしょんまーく はーと はーとのびっくり びっくりまーく
❤️	あかいはーと くろはーと はーと はーとまーく
❤️‍🔥	あい せいなるしんぞう はーと ひのついた ほのお もえるはーと
❤️‍🩹	きずついた けが しょうしん はーと ほうたい ほうたいをまいたはーと
➕️	+ かさん きごう たしざん たす ぷらす ＋
➖️	- きごう げんざん ひきざん ひく まいなす ー
➗️	/ きごう じょさん わりざん わる ・ ／
➡️	 ひがし みぎ みぎやじるし やじるし
➰️	 きごう ちょうおん るーぷ わっか
➿️	 きごう だぶるるーぷ ふりーだいやる るーぷ わっか
⤴️	うえ うえかーぶやじるし うえやじるし かーぶ きょくせん ぐっど やじるし
⤵️	かーぶ きょくせん した したかーぶやじるし したやじるし ばっど やじるし
⬅️	 にし ひだり ひだりやじるし やじるし
⬆️	 うえ うえやじるし きた やじるし
⬇️	 した したやじるし みなみ やじるし
⬛️	 くろ くろしかくとくだい しかく せいほうけい
⬜️	 しかく しろ しろしかくとくだい せいほうけい
⭐️	 すたー ほし
⭕️	えん きごう ふといまる まる わ
〰️	きごう ちょうおんきごう なみせん やくもの ー
〽️	 いおりてん うたきごう きごう やくもの
㊗️	 いわい いわいまーく おいわい おめでとう
㊙️	 ごくひ しゃがいひ ひ ひみつ まるひ
🀄️	げーむ じゃんぱい ぱい まーじゃん まーじゃんぱい
🃏	 かーど じじ じょーかー とらんぷ ばば
🅰️	a えいがた えーがた けつえきがた けつえきがたえいがた Ａ
🅱️	b けつえきがた けつえきがたびーがた びーがた Ｂ
🅾️	o おーがた けつえきがた けつえきがたおーがた Ｏ
🅿️	p ちゅうしゃ ちゅうしゃじょう ぱーきんぐ ぴー ぴーまーく
🆎	ab えいびーがた けつえきがた けつえきがたえいびーがた ＡＢ
🆑	cl くりあ しーえる しーえるまーく ＣＬ
🆒	cool coolまーく くーる ＣＯＯＬ
🆓	freeまーく ただ ふりー むりょう ＦＲＥＥ
🆔	id idまーく あいでぃー ＩＤ
🆕	new newまーく あたらしい にゅー ＮＥＷ
🆖	ng えぬじー えぬじーまーく ぼつ ＮＧ
🆗	ok okまーく おっけー おーけー ＯＫ
🆘	sos えすおーえす えすおーえすまーく たすけて ＳＯＳ
🆙	up upまーく あっぷ こうしん ＵＰ
🆚	vs ばーさす ばーさすまーく ぶいえす ゔぁーさす ゔぃえす ヴぁーさす ＶＳ
🇦🇨	あせんしょんとう はた
🇦🇩	あんどら はた
🇦🇪	あらぶしゅちょうこくれんぽう はた
🇦🇫	あふがにすたん はた
🇦🇬	あんてぃぐあばーぶーだ はた
🇦🇮	あんぎら はた
🇦🇱	あるばにあ はた
🇦🇲	あるめにあ はた
🇦🇴	あんごら はた
🇦🇶	なんきょく はた
🇦🇷	あるぜんちん はた
🇦🇸	はた べいりょうさもあ
🇦🇹	おーすとりあ はた
🇦🇺	おーすとらりあ はた
🇦🇼	あるば はた
🇦🇽	おーらんどしょとう はた
🇦🇿	あぜるばいじゃん はた
🇧🇦	はた ぼすにあへるつぇごびな
🇧🇧	はた ばるばどす
🇧🇩	はた ばんぐらでしゅ
🇧🇪	はた べるぎー
🇧🇫	はた ぶるきなふぁそ
🇧🇬	はた ぶるがりあ
🇧🇭	はた ばーれーん
🇧🇮	はた ぶるんじ
🇧🇯	はた べなん
🇧🇱	さんばるてるみー はた
🇧🇲	はた ばみゅーだ
🇧🇳	はた ぶるねい
🇧🇴	はた ぼりびあ
🇧🇶	おらんだりょうかりぶ はた
🇧🇷	はた ぶらじる
🇧🇸	はた ばはま
🇧🇹	はた ぶーたん
🇧🇻	はた ぶーべとう
🇧🇼	はた ぼつわな
🇧🇾	はた べらるーし
🇧🇿	はた べりーず
🇨🇦	かなだ はた
🇨🇨	きーりんぐしょとう ここす(きーりんぐ)しょとう ここすしょとう はた
🇨🇩	きんしゃさ こんごみんしゅきょうわこく こんごみんしゅきょうわこく(きんしゃさ) はた
🇨🇫	ちゅうおうあふりかきょうわこく はた
🇨🇬	こんごきょうわこく こんごきょうわこく はた ぶらざびる
🇨🇭	すいす はた
🇨🇮	こーとじぼわーる はた
🇨🇰	くっくしょとう はた
🇨🇱	ちり はた
🇨🇲	かめるーん はた
🇨🇳	こっき ちゅうごく はた
🇨🇴	ころんびあ はた
🇨🇵	くりっぱーとんとう はた
🇨🇷	こすたりか はた
🇨🇺	きゅーば はた
🇨🇻	かーぼべるで はた
🇨🇼	きゅらそー はた
🇨🇽	くりすますとう はた
🇨🇾	きぷろす はた
🇨🇿	ちぇこ はた
🇩🇪	こっき どいつ はた
🇩🇬	でぃえごがるしあとう はた
🇩🇯	じぶち はた
🇩🇰	でんまーく はた
🇩🇲	どみにかこく はた
🇩🇴	どみにかきょうわこく はた
🇩🇿	あるじぇりあ はた
🇪🇦	せうた・めりりゃ はた
🇪🇨	えくあどる はた
🇪🇪	えすとにあ はた
🇪🇬	えじぷと はた
🇪🇭	にしさはら はた
🇪🇷	えりとりあ はた
🇪🇸	こっき すぺいん はた
🇪🇹	えちおぴあ はた
🇪🇺	eu いーゆー おうしゅうれんごう はた
🇫🇮	はた ふぃんらんど
🇫🇯	はた ふぃじー
🇫🇰	はた ふぉーくらんどしょとう
🇫🇲	はた みくろねしあれんぽう
🇫🇴	はた ふぇろーしょとう
🇫🇷	こっき はた ふらんす
🇬🇦	がぼん はた
🇬🇧	いぎりす こっき はた
🇬🇩	ぐれなだ はた
🇬🇪	じょーじあ はた
🇬🇫	はた ふつりょうぎあな
🇬🇬	がーんじー はた
🇬🇭	がーな はた
🇬🇮	じぶらるたる はた
🇬🇱	ぐりーんらんど はた
🇬🇲	がんびあ はた
🇬🇳	ぎにあ はた
🇬🇵	ぐあどるーぷ はた
🇬🇶	せきどうぎにあ はた
🇬🇷	ぎりしゃ はた
🇬🇸	さうすじょーじあ・さうすさんどうぃっちしょとう はた
🇬🇹	ぐあてまら はた
🇬🇺	ぐあむ はた
🇬🇼	ぎにあびさう はた
🇬🇾	がいあな はた
🇭🇰	ちゅうかじんみんきょうわこくほんこんとくべつぎょうせいく はた ほんこん
🇭🇲	はた はーどとう はーどとう・まくどなるどしょとう まくどなるどしょとう
🇭🇳	はた ほんじゅらす
🇭🇷	くろあちあ はた
🇭🇹	はいち はた
🇭🇺	はた はんがりー
🇮🇨	かなりあしょとう はた
🇮🇩	いんどねしあ はた
🇮🇪	あいるらんど はた
🇮🇱	いすらえる はた
🇮🇲	はた まんとう
🇮🇳	いんど はた
🇮🇴	えいりょういんどようちいき はた
🇮🇶	いらく はた
🇮🇷	いらん はた
🇮🇸	あいすらんど はた
🇮🇹	いたりあ こっき はた
🇯🇪	じゃーじー はた
🇯🇲	じゃまいか はた
🇯🇴	はた よるだん
🇯🇵	こっき しゅくじつ にっぽん にほん はた ひのまる
🇰🇪	けにあ はた
🇰🇬	きるぎす はた
🇰🇭	かんぼじあ はた
🇰🇮	きりばす はた
🇰🇲	こもろ はた
🇰🇳	せんとくりすとふぁーねーゔぃす はた
🇰🇵	きたちょうせん はた
🇰🇷	かんこく こっき はた
🇰🇼	くうぇーと はた
🇰🇾	けいまんしょとう はた
🇰🇿	かざふすたん はた
🇱🇦	はた らおす
🇱🇧	はた ればのん
🇱🇨	せんとるしあ はた
🇱🇮	はた りひてんしゅたいん
🇱🇰	すりらんか はた
🇱🇷	はた りべりあ
🇱🇸	はた れそと
🇱🇹	はた りとあにあ
🇱🇺	はた るくせんぶるく
🇱🇻	はた らとびあ
🇱🇾	はた りびあ
🇲🇦	はた もろっこ
🇲🇨	はた もなこ
🇲🇩	はた もるどば
🇲🇪	はた もんてねぐろ
🇲🇫	さんまるたん はた
🇲🇬	はた まだがすかる
🇲🇭	はた まーしゃるしょとう
🇲🇰	きたまけどにあ はた
🇲🇱	はた まり
🇲🇲	はた びるま みゃんまー
🇲🇳	はた もんごる
🇲🇴	ちゅうかじんみんきょうわこくまかおとくべつぎょうせいく はた まかお
🇲🇵	きたまりあなしょとう はた
🇲🇶	はた まるてぃにーく
🇲🇷	はた もーりたにあ
🇲🇸	はた もんとせらと
🇲🇹	はた まるた
🇲🇺	はた もーりしゃす
🇲🇻	はた もるでぃぶ
🇲🇼	はた まらうい
🇲🇽	はた めきしこ
🇲🇾	はた まれーしあ
🇲🇿	はた もざんびーく
🇳🇦	なみびあ はた
🇳🇨	にゅーかれどにあ はた
🇳🇪	にじぇーる はた
🇳🇫	のーふぉーくとう はた
🇳🇬	ないじぇりあ はた
🇳🇮	にからぐあ はた
🇳🇱	おらんだ はた
🇳🇴	のるうぇー はた
🇳🇵	ねぱーる はた
🇳🇷	なうる はた
🇳🇺	にうえ はた
🇳🇿	にゅーじーらんど はた
🇴🇲	おまーん はた
🇵🇦	はた ぱなま
🇵🇪	はた ぺるー
🇵🇫	はた ふつりょうぽりねしあ
🇵🇬	はた ぱぷあにゅーぎにあ
🇵🇭	はた ふぃりぴん
🇵🇰	はた ぱきすたん
🇵🇱	はた ぽーらんど
🇵🇲	さんぴえーるしま・みくろんとう さんぴえーるとう さんぴえーるとう・みくろんとう はた みくろんとう
🇵🇳	はた ぴとけあんしょとう
🇵🇷	はた ぷえるとりこ
🇵🇸	はた ぱれすちなじちく
🇵🇹	はた ぽるとがる
🇵🇼	はた ぱらお
🇵🇾	はた ぱらぐあい
🇶🇦	かたーる はた
🇷🇪	はた れゆにおん
🇷🇴	はた るーまにあ
🇷🇸	せるびあ はた
🇷🇺	こっき はた ろしあ
🇷🇼	はた るわんだ
🇸🇦	さうじあらびあ はた
🇸🇧	そろもんしょとう はた
🇸🇨	せーしぇる はた
🇸🇩	すーだん はた
🇸🇪	すうぇーでん はた
🇸🇬	しんがぽーる はた
🇸🇭	せんとへれな はた
🇸🇮	すろべにあ はた
🇸🇯	すばーるばるしょとう すばーるばるしょとう・やんまいえんとう はた やんまいえんとう
🇸🇰	すろばきあ はた
🇸🇱	しえられおね はた
🇸🇲	さんまりの はた
🇸🇳	せねがる はた
🇸🇴	そまりあ はた
🇸🇷	すりなむ はた
🇸🇸	はた みなみすーだん
🇸🇹	さんとめぷりんしぺ はた
🇸🇻	えるさるばどる はた
🇸🇽	しんとまーるてん はた
🇸🇾	しりあ はた
🇸🇿	えすわてぃに はた
🇹🇦	とりすたんだくーにゃ はた
🇹🇨	たーくすかいこすしょとう はた
🇹🇩	ちゃど はた
🇹🇫	はた ふつりょうきょくなんしょとう
🇹🇬	とーご はた
🇹🇭	たい はた
🇹🇯	たじきすたん はた
🇹🇰	とけらう はた
🇹🇱	はた ひがしてぃもーる
🇹🇲	とるくめにすたん はた
🇹🇳	ちゅにじあ はた
🇹🇴	とんが はた
🇹🇷	とるこ はた
🇹🇹	とりにだーどとばご はた
🇹🇻	つばる はた
🇹🇼	たいわん はた
🇹🇿	たんざにあ はた
🇺🇦	うくらいな はた
🇺🇬	うがんだ はた
🇺🇲	がっしゅうこくりょうゆうしょうりとう はた
🇺🇳	こくさいれんごう こくれん はた
🇺🇸	あめりか あめりかがっしゅうこく こっき はた
🇺🇾	うるぐあい はた
🇺🇿	うずべきすたん はた
🇻🇦	はた ばちかん ばちかんしこく
🇻🇨	せんとびんせんとおよびぐれなでぃーんしょとう はた
🇻🇪	はた べねずえら
🇻🇬	えいりょうゔぁーじんしょとう はた
🇻🇮	はた べいりょうゔぁーじんしょとう
🇻🇳	はた べとなむ
🇻🇺	はた ばぬあつ
🇼🇫	うぉりすふつな はた
🇼🇸	さもあ はた
🇽🇰	こそぼ はた
🇾🇪	いえめん はた
🇾🇹	はた まよっと
🇿🇦	はた みなみあふりか
🇿🇲	ざんびあ はた
🇿🇼	じんばぶえ はた
🈁	 ここ ここのまーく
🈂️	さ さのまーく さーびす さーびすりょう サ サのまーく
🈚️	 ただ む むまーく むりょう
🈯️	してい していせき ゆび ゆびまーく
🈲	 きん きんし きんまーく げんきん
🈳	あき あきまーく から くう くうしつ くうせき
🈴	 ごう ごうかく ごうまーく
🈵	まん まんいん まんしつ まんしゃ まんせき まんまーく
🈶	 ゆう ゆうげん ゆうまーく ゆうりょう
🈷️	 げつがく つき つきぎめ つきまーく
🈸	 しん しんせい しんまーく もうしこみ
🈹	 でぃすかうんと わり わりびき わりまーく
🈺	えい えいぎょう えいぎょうちゅう えいぎょうび えいまーく
🉐	 おとく とく まるとく
🉑	 か かのう かまーく きょか
🌀	うず うずまき くるくる ぐるぐる さいくろん たいふう はりけーん めまい もやもや
🌁	 きり きりのとかい とかい
🌂	 あめ かさ てんき とじたかさ もちもの
🌃	ながれぼし ほし やけい よる よるのとかい
🌄	 あさ あさひ ごらいこう たいよう ひので やまからひので
🌅	 あさ あさひ たいよう ひので
🌆	とかい ゆうがた ゆうぐれ ゆうぐれのとかい ゆうひ よる
🌇	 たいよう ゆうがた ゆうぐれ ゆうひ
🌈	 にじ れいんぼー
🌉	 はし やけい よる よるのはし
🌊	 うみ てんき なみ はろう
🌋	 かざん ふんか やま
🌌	あまのがわ ぎんが ほしぞら みるきーうぇい よぞら
🌍️	あふりか ちきゅう よーろっぱ
🌎️	あめりか あめりかたいりく ちきゅう
🌏️	 あじあ おーすとらりあ ちきゅう
🌐	しごせん しごせんのあるちきゅう ちきゅう
🌑	 しんげつ つき
🌒	つき はつづき みかづき
🌓	 じょうげん じょうげんのつき つき はんげつ
🌔	かけづき じゅうさんよつき つき とおかやのつき
🌕️	 つき まんげつ
🌖	いまちづき つき ねまちづき
🌗	かげん かげんのつき つき はんげつ
🌘	ありあけづき つき みかづき
🌙	 つき みかづき
🌚	かお かおのあるしんげつ しんげつ つき
🌛	かお かおのあるじょうげんのつき じょうげんのつき つき みかづき
🌜️	かお かおのあるかげんのつき かげんのつき つき
🌝	かお かおのあるまんげつ つき
🌞	かお かおのあるたいよう たいよう
🌟	 かがやき きらきら きらきらぼし すたー ほし
🌠	 すたー ながれぼし ほし
🌡️	おんど おんどけい きおん てんき
🌤️	くも たいよう てんき はれ はれときどきくもり
🌥️	くも くもり くもりいちじはれ たいよう てんき
🌦️	あめときどきはれ くも くもり たいよう てんき てんきあめ
🌧️	あまぐも あめ くも てんき
🌨️	くも てんき ゆき ゆきぐも
🌩️	いなずま かみなり くも てんき らいうん
🌪️	たつまき てんき とっぷう
🌫️	きり てんき
🌬️	かお かおのあるかぜ かぜ
🌭	そーせーじ ふらんくふると ほっとどっぐ
🌮	たこす めきしかん
🌯	そふとたこす ぶりとー めきしかん
🌰	 くり やさい
🌱	 しんめ ふたば め
🌲	き じょうりょくじゅ
🌳	き らくようじゅ
🌴	 き やし やしのき
🌵	 さぼてん しょくぶつ
🌶️	からい こうしんりょう とうがらし やさい
🌷	 ちゅーりっぷ はな
🌸	 さくら はな
🌹	 はな ばら
🌺	 はいびすかす はな
🌻	 はな ひまわり
🌼	 かいか さいたはな はな
🌽	 こーん とうもろこし やさい
🌾	 いなほ いね くさ すすき
🌿	くさ は はっぱ はーぶ やくそう
🍀	4 くさ くろーばー は よつば よつばのくろーばー
🍁	 かえで こうよう もみじ
🍂	 おちば かれは このは
🍃	おちば かぜ かぜにゆれるは このは びゅうびゅう
🍄	 きのこ どく まっしゅるーむ やさい
🍄‍🟫	きのこ しいたけ ちゃいろ まっしゅるーむ
🍅	 くだもの とまと やさい
🍆	 なす やさい
🍇	 くだもの ぐれーぷ ぶどう
🍈	 くだもの めろん やさい
🍉	 くだもの すいか やさい
🍊	 おれんじ くだもの みかん
🍋	くだもの れもん
🍋‍🟩	かんきつるい くだもの とろぴかる らいむ
🍌	 くだもの ばなな
🍍	 くだもの とろぴかる ぱいなっぷる ぱいん
🍎	 あかりんご あっぷる くだもの りんご
🍏	 あおりんご あっぷる くだもの りんご
🍐	くだもの せいようなし なし ようなし
🍑	 くだもの ぴーち もも
🍒	 くだもの さくらんぼ ちぇりー
🍓	 いちご くだもの すとろべりー
🍔	 はんばーがー ばーがー
🍕	 ちーず ぴざ ぴっつぁ
🍖	 にく ほねつきにく ももにく
🍗	 ちきん とりももにく にく ほねつきにく ももにく
🍘	 おかし せんべい
🍙	 おにぎり おむすび こめ
🍚	こめ ごはん ちゃわん らいす
🍛	 かれー かれーらいす らいす
🍜	 あつあつ どんぶり らーめん
🍝	 すぱげってぃ すぱげってぃー ぱすた
🍞	 しょくぱん ぱん べーかりー
🍟	 ふらいどぽてと ふれんちふらい ぽてと ぽてとふらい
🍠	 いも さつまいも やきいも
🍡	 おだんご だんご わがし
🍢	 おでん
🍣	 おすし すし
🍤	 えび えびふらい てんぷら ふらい
🍥	うず うずまき なると ねりもの
🍦	あいす おかし すいーつ そふと そふとくりーむ でざーと
🍧	あいす おかし かきごおり こおり でざーと
🍨	あいす あいすくりーむ おかし すいーつ でざーと
🍩	 おかし すいーつ でざーと どーなつ
🍪	 おかし くっきー すいーつ でざーと
🍫	 おかし すいーつ ちょこ ちょこれーと でざーと
🍬	あめ おかし きゃんでぃ きゃんでぃー
🍭	あめ おかし きゃんでぃ きゃんでぃー ぺろぺろきゃんでぃ ぼうつききゃんでぃ
🍮	 おかし すいーつ でざーと ぷりん
🍯	あまい はちみつ はにー はにーぽっと みつびん
🍰	 おかし けーき しょーとけーき すいーつ でざーと
🍱	 えきべん べんとう まくのうち
🍲	しちゅー なべ なべりょうり にこみ にもの
🍳	 たまご ふらいぱん めだまやき りょうり
🍴	 かとらりー ないふ ないふとふぉーく ふぉーく れすとらん
🍵	 おちゃ のみもの ゆのみ りょくちゃ
🍶	 さけ とっくり にほんしゅ
🍷	 ぐらす ばー わいん わいんぐらす
🍸️	 かくてる かくてるぐらす ぐらす ばー
🍹	 かくてる とろぴかる とろぴかるどりんく ばー
🍺	 いざかや じょっき ばー びーる びーるじょっき
🍻	 えんかい かんぱい じょっき びーる びーるでかんぱい
🍼	あかちゃん ほにゅうびん みるく
🍽️	おさら さら ないふ ないふとふぉーくとさら ふぉーく
🍾	あわ しゃんぱん しゃんぺん すぱーくりんぐわいん すぷまんて ぼとる
🍿	おかし ぽっぷこーん
🎀	 おいわい りぼん
🎁	 おいわい ぎふと はこ ぷれぜんと
🎂	おたんじょうび けーき たんじょうび ばーすでー ばーすでーけーき
🎃	 かぼちゃ はろうぃん はろうぃんかぼちゃ はろうぃーん
🎄	 くりすます くりすますいぶ くりすますつりー つりー
🎅	 かお くりすます さんた さんたくろーす
🎆	 うちあげはなび おまつり はなび はなびたいかい
🎇	 おまつり せんこうはなび はなび
🎈	 ばるーん ふうせん
🎉	 おいわい くらっかー ぱーてぃー ぱーてぃーくらっかー
🎊	 おいわい くすだま ぱーてぃー
🎋	 たなばた たんざく にほん わ
🎌	 しゅくじつ しゅくじつのはた はた ひのまる ふらぐ ふらっぐ
🎍	 おいわい かどまつ しょうがつ たけ にほん わ
🎎	 おいわい おだいりさま おひなさま にほん にんぎょう ひなまつり わ
🎏	 おいわい こいのぼり こどものひ
🎐	 かぜ すず なつ ふうりん
🎑	じゅうごや じゅうごよ すすき つき つきみ
🎒	かばん がっこう しょうがくせい しょうがっこう ばっくぱっく らんどせる りゅっくさっく
🎓️	かくぼう そつぎょう そつぎょうしき ぼうし
🎖️	おいわい くんしょう ひょうしょう めだる
🎗️	おいわい りぼん りまいんだー りまいんだーりぼん
🎙️	おんがく すたじおまいく まいく
🎚️	おんがく すらいだー れべる れべるすらいだー
🎛️	おんがく こんとろーる こんとろーるつまみ つまみ のぶ
🎞️	えいが えいがふぃるむ ふぃるむ ふれーむ むーびー
🎟️	ちけっと にゅうじょうけん にゅうじょうぱす はんけん
🎠	 めりーごーらんど ゆうえんち
🎡	 かんらんしゃ ゆうえんち
🎢	こーすたー じぇっとこーすたー ゆうえんち
🎣	 さかな すぽーつ つり つりざお
🎤	 うた おんがく からおけ まいく
🎥	 えいが えいがかめら かめら むーびー
🎦	 えいが えいがかん かめら どうが
🎧️	いやふぉん いやほん おんがく へっどふぉん へっどほん
🎨	あーと え えのぐぱれっと ぱれっと びじゅつかん ふで
🎩	 しるくはっと ぼうし
🎪	いべんと さーかす てんと
🎫	 きっぷ ちけっと
🎬️	 えいが かちんこ
🎭️	 えんげい えんげき かめん げいじゅつ げきじょう ぶたいげいじゅつ
🎮️	げーむ こんとろーら こんとろーらー てれびげーむ びでおげーむ
🎯	あたり すぽーつ だーつ てき ぶるずあい まと
🎰	 すりーせぶん すろっと すろっとましん
🎱	 えいとぼーる すぽーつ びりやーど ぼーる
🎲	 げーむ さいころ だいす
🎳	 すぽーつ たま ぼうりんぐ ぼーる
🎴	 かーど げーむ はなふだ
🎵	 おんがく おんぷ はちぶおんぷ れんぷ
🎶	 おんがく おんぷ はちぶおんぷ ふくすうのおんぷ
🎷	 おんがく がっき さきそふぉん さくそふぉん さっくす
🎸	 おんがく がっき ぎたー
🎹	 おんがく がっき きーぼーど けんばん ぴあの
🎺	 おんがく がっき とらんぺっと らっぱ
🎻	 おんがく がっき ばいおりん ゔぃおら
🎼	おんがく がくふ ごせん ごせんふ すこあ とおんきごう
🎽	えきでん しゃつ すぽーつ たすき ちょうきょりそう まらそん らんにんぐ らんにんぐしゃつ
🎾	 すぽーつ てにす てにすぼーる ぼーる らけっと
🎿	いた すきー すきーぶーつ すとっく すぽーつ ゆき
🏀	 すぽーつ ばすけ ばすけっとぼーる ぼーる
🏁	すぽーつ ちぇっかー ちぇっかーふらぐ ちぇっかーふらっぐ はた ふらぐ ふらっぐ れーす
🏂️	 すのぼ すのーぼーだー すのーぼーど すぽーつ
🏃	じょぎんぐ すぽーつ はしるひと まらそん らんなー らんにんぐ
🏃‍♀️	じょぎんぐ じょせい はしるおんな まらそん らんなー らんにんぐ
🏃‍♀️‍➡️	じょぎんぐ じょせい はしるおんな まらそん らんなー らんにんぐ
🏃‍♂️	じょぎんぐ だんせい はしるおとこ まらそん らんなー らんにんぐ
🏃‍♂️‍➡️	じょぎんぐ だんせい はしるおとこ まらそん らんなー らんにんぐ
🏃‍➡️	じょぎんぐ はしるひと まらそん らんなー らんにんぐ
🏄️	 さーふぁー さーふぃん さーふぃんするひと すぽーつ なみのり
🏄‍♀️	おんな さーふぁー さーふぃんするおんな じょせい すぽーつ なみのり
🏄‍♂️	おとこ さーふぁー さーふぃんするおとこ すぽーつ だんせい なみのり
🏅	すぽーつ ひょうしょう めだる
🏆️	かっぷ しょうはい とろふぃー ひょうしょう ゆうしょうかっぷ
🏇	きしゅ けいば じょうば じょっきー すぽーつ
🏈	あめふと あめりかんふっとぼーる すぽーつ ぼーる らぐびー らぐびーぼーる
🏉	すぽーつ ぼーる らぐびー らぐびーぼーる
🏊️	 およぐひと すいえい すいまー すいみんぐ すいむ すぽーつ
🏊‍♀️	およぐおんな じょせい すいえい すいまー すいみんぐ すいむ すぽーつ
🏊‍♂️	およぐおとこ すいえい すいまー すいみんぐ すいむ すぽーつ だんせい
🏋️	うぇいとりふてぃんぐ じゅうりょうあげ じゅうりょうあげをするひと すぽーつ
🏋️‍♀️	うぇいとりふてぃんぐ おんな じゅうりょうあげをするおんな じょせい すぽーつ
🏋️‍♂️	うぇいとりふてぃんぐ おとこ じゅうりょうあげをするおとこ すぽーつ だんせい
🏌️	ごるふ ごるふぁー ごるふをするひと すぽーつ
🏌️‍♀️	おんな ごるふ ごるふぁー ごるふをするおんな じょせい すぽーつ
🏌️‍♂️	おとこ ごるふ ごるふぁー ごるふをするおとこ すぽーつ だんせい
🏍️	おーとばい おーとれーす すぽーつ のりもの ばいく もーたーすぽーつ
🏎️	f1 えふわん くるま すぽーつ のりもの もーたーすぽーつ れーしんぐかー
🏏	くりけっと すぽーつ ばっと ぼーる
🏐	すぽーつ ばれー ばれーぼーる ぼーる
🏑	すてぃっく すぽーつ ふぃーるどほっけー ほっけー ぼーる
🏒	あいすほっけー すてぃっく すぽーつ ぱっく ほっけー
🏓	すぽーつ たっきゅう ぴんぽん ぼーる らけっと
🏔️	かんせつ やま ゆき ゆきやま
🏕️	きゃんぷ てんと やま
🏖️	すなはま ぱらそる びーち びーちぱらそる
🏗️	くれーん けんせつ けんせつちゅう こうじ
🏘️	いえ じゅうたくがい ふくすうのいえ まち
🏙️	こうそうびる とかい びるぐん
🏚️	あきや いえ たてもの はいおく
🏛️	しせき れきし れきしてきけんぞうぶつ れきしてきなたてもの
🏜️	さばく さぼてん さぼてんのあるさばく
🏝️	しま むじんとう やし やしのきのあるしま
🏞️	こうえん こくりつこうえん しぜん
🏟️	きょうぎじょう すたじあむ やきゅうじょう
🏠️	いえ かおく たてもの まいほーむ
🏡	いえ うち たてもの にわ にわつきのいえ ほーむ まいほーむ
🏢	おふぃすびる たてもの びる
🏣	 たてもの ゆうびん ゆうびんきょく
🏤	せいようのゆうびんきょく たてもの ゆうびん
🏥	 いしゃ くすり たてもの びょういん
🏦	 ぎんこう たてもの
🏧	atm ぎんこう げんきんじどうあずけばらいき ＡＴＭ
🏨	 たてもの ほてる
🏩	たてもの ほてる らぶほ らぶほてる
🏪	 こんびに こんびにえんすすとあ たてもの
🏫	 がっこう たてもの
🏬	 たてもの でぱーと ひゃっかてん
🏭️	こうじょう こうば たてもの
🏮	 あかちょうちん いざかや ちょうちん のみや
🏯	おしろ しろ たてもの にほん
🏰	おしろ きゃっする しろ せいようのしろ たてもの
🏳️	しらはた しろ はた ふらぐ ふらっぐ
🏳️‍⚧️	LGBT てぃーじー とらんすじぇんだー とらんすじぇんだーふらっぐ はた ふらぐ ふらっぐ
🏳️‍🌈	LGBT にじいろのはた はた ふらぐ ふらっぐ れいんぼー れいんぼーふらっぐ
🏴	くろ こっき はた ふらぐ ふらっぐ
🏴‍☠️	かいぞく かいぞくき じょりーろじゃー たからもの りゃくだつ
🏴󠁧󠁢󠁥󠁮󠁧󠁿	いんぐらんど はた
🏴󠁧󠁢󠁳󠁣󠁴󠁿	すこっとらんど はた
🏴󠁧󠁢󠁷󠁬󠁳󠁿	うぇーるず はた
🏵️	しょくぶつ はな はなかざり
🏷️	たぐ にふだ らべる
🏸	しゃとる すぽーつ ばどみんとん らけっと
🏹	しゃしゅ せいざ ぶき や ゆみや
🏺	かめ せいざ つぼ みずがめ
🐀	どうぶつ ねずみ らっと
🐁	どうぶつ ねずみ はつかねずみ まうす
🐂	うし おうし せいざ どうぶつ
🐃	うし すいぎゅう どうぶつ ばっふぁろー
🐄	うし どうぶつ めうし
🐅	とら どうぶつ
🐆	どうぶつ ひょう
🐇	うさぎ どうぶつ ぺっと
🐈️	どうぶつ ねこ ぺっと
🐈‍⬛	くろ くろねこ どうぶつ ねこ ふきつ
🐉	どうぶつ どらごん りゅう
🐊	どうぶつ はちゅうるい わに
🐋	くじら どうぶつ
🐌	 かたつむり でんでんむし むし
🐍	 せいざ どうぶつ どく はちゅうるい へび
🐎	 うま けいば じょうば どうぶつ
🐏	おひつじ せいざ どうぶつ ひつじ
🐐	せいざ どうぶつ やぎ
🐑	 どうぶつ ひつじ
🐒	 さる どうぶつ
🐓	おんどり とり どうぶつ
🐔	 かお とり どうぶつ にわとり
🐕️	いぬ どうぶつ ぺっと
🐕‍🦺	あくせしびりてぃ いぬ かいじょけん さーびす ほじょ
🐖	どうぶつ ぶた
🐗	いのしし かお どうぶつ のぶた
🐘	 ぞう どうぶつ
🐙	 たこ どうぶつ
🐚	 かい どうぶつ まきがい
🐛	いもむし けむし げじげじ むし
🐜	 あり むし
🐝	 はち みつばち むし
🐞	 てんとうむし むし
🐟️	 さかな せいざ どうぶつ
🐠	 さかな どうぶつ ねったいぎょ
🐡	 さかな どうぶつ ふぐ
🐢	 かめ どうぶつ はちゅうるい
🐣	かお たまご たまごからかえったひよこ とり どうぶつ ひな ひなどり ひよこ ふか
🐤	 かお とり どうぶつ ひな ひよこ よこをむいているひよこ
🐥	 とり どうぶつ ひな ひよこ まえをむいているひよこ
🐦️	 かお とり どうぶつ
🐦‍⬛	からす くろ くろいとり くろとり とり
🐦‍🔥	しんわ ひのとり ふぇにっくす ふしちょう
🐧	 とり どうぶつ ぺんぎん
🐨	 かお こあら どうぶつ
🐩	 いぬ どうぶつ ぷーどる ぺっと
🐪	どうぶつ らくだ
🐫	 どうぶつ ふたこぶ ふたこぶらくだ らくだ
🐬	 いるか どうぶつ
🐭	えと かお じゅうにし どうぶつ ね ねずみ ねずみのかお
🐮	うし うしのかお えと かお じゅうにし どうぶつ
🐯	えと かお しし じゅうにし とら とらのかお どうぶつ
🐰	う うさぎ うさぎのかお えと かお じゅうにし どうぶつ ぺっと
🐱	かお どうぶつ ねこ ねこのかsお ねこのかお ぺっと
🐲	えと かお じゅうにし たつ どうぶつ どらごん どらごんのかお りゅう
🐳	くじら しお しおふき しおふきくじら どうぶつ
🐴	 うま うまのかお かお どうぶつ
🐵	 かお さる さるのかお どうぶつ
🐶	 いぬ いぬのかお かお どうぶつ ぺっと
🐷	 かお どうぶつ ぶた ぶたのかお
🐸	 かえる かえるのかお かお どうぶつ
🐹	 かお どうぶつ ねずみ はむすたー はむすたーのかお ぺっと
🐺	 おおかみ おおかみのかお かお どうぶつ
🐻	 かお くま くまのかお どうぶつ
🐻‍❄️	くま しろ しろくま どうぶつ ほっきょく ほっきょくぐま
🐼	 かお どうぶつ ぱんだ ぱんだのかお
🐽	 かお はな ぶた ぶたばな
🐾	 あしあと いぬ どうぶつ にくきゅう ねこ
🐿️	どうぶつ りす
👀	かお からだ め りょうめ
👁️	かため ひとつめ め
👁️‍🗨️	ふきだし ふきだしのめ め もくげき
👂️	かお からだ みみ
👃	かお からだ はな
👄	かお きす くち くちびる
👅	かお した べろ べー
👆️	うえ て てのこううえゆびさし てのこうじょうゆびさし やじるし ゆびさし ゆびさす
👇️	した したゆびさし て やじるし ゆびさし ゆびさす
👈️	て ひだり ひだりゆびさし やじるし ゆびさし ゆびさす
👉️	て みぎ みぎゆびさし やじるし ゆびさし ゆびさす
👊	 ぐー げんこつ て ぱんち
👋	さよなら て てをふる ばいばい
👌	ok おっけー おーけー おーけーのて て ＯＫ
👍️	ok いいね うえ おっけー おやゆび おやゆびさいん おーけー ぐっど さむあっぷ さむずあっぷ て
👎️	ng えぬじー さむずだうん した だめ て ぶーいんぐ ぼつ ＮＧ
👏	 て はくしゅ ぱちぱち
👐	 おっはー て てのひら りょうてのひら
👑	 おうかん かんむり くらうん
👒	おんなのぼうし ふじんぼうし ぼうし むぎわら むぎわらぼうし
👓️	 めがね
👔	しゃつ たい ねくたい ふく わいしゃつ
👕	しゃつ てぃーしゃつ ふく Ｔしゃつ
👖	じーぱん じーんず ずぼん でにむ ぱんつ ふく
👗	 どれす ふく わんぴーす
👘	 きもの ふく
👙	びきに ふく みずぎ
👚	 しゃつ ふく ふじんふく ぶらうす
👛	がまぐち がまぐちざいふ こぜにいれ さいふ
👜	 かばん はんどばっぐ ばっぐ
👝	 ばっぐ ぽーち
👞	 かわぐつ くつ しんしぐつ ろーふぁー
👟	あすれちっくしゅーず くつ しゅーず すにーかー
👠	くつ はいひーる ひーる ぴんひーる ふく
👡	くつ さんだる ふく
👢	くつ ふく ぶーつ ろんぐぶーつ
👣	 あし あしあと
👤	1にん かげ げすと げすとあかうんと しるえっと じょうはんしん ひとかげ ひとのしるえっと ひとり
👥	2にん 2にんのしるえっと しるえっと じょうはんしん ふたり
👦	 おとこのこ かお こども しょうねん
👧	 おんな おんなのこ かお こども しょうじょ
👨	 おとこ おとな かお だんせい
👨‍⚕️	いし いしゃ おとこ だんせい だんせいのいしゃ
👨‍⚖️	おとこ さいばん さいばんかん だんせい だんせいのさいばんかん
👨‍✈️	おとこ そうじゅうし だんせい だんせいぱいろっと
👨‍❤️‍👨	あつあつ かっぷる かっぷるとはーと こいびと だんせい だんせいとだんせいのかっぷる はーと
👨‍❤️‍💋‍👨	2にんできす かっぷる きす だんせい だんせいとだんせいできす ちゅっ はーと
👨‍🌾	おとこ だんせい のうか のうかのだんせい のうふ
👨‍🍳	おとこ こっく しぇふ だんせい だんせいのこっく りょうり
👨‍🍼	あかちゃん おとこ じゅにゅう じゅにゅうするだんせい だんせい
👨‍🎓	おとこ かくぼう がくせい そつぎょう だんしがくせい だんせい
👨‍🎤	あーてぃすと おとこ かしゅ しんがー だんせい だんせいかしゅ
👨‍🎨	あーてぃすと おとこ がか げいじゅつか だんせい だんせいのげいじゅつか
👨‍🏫	おとこ きょうし きょうじゅ せんせい だんせい だんせいのきょうし
👨‍🏭	おとこ だんせい だんせいのようせつこう ようせつ
👨‍👦	おとこのこ おやこ かぞく だんせい だんせいとおとこのこのかぞく
👨‍👦‍👦	おとこのこ おやこ かぞく だんせい だんせいとおとこのことおとこのこのかぞく
👨‍👧	おやこ おんなのこ かぞく だんせい だんせいとおんなのこのかぞく
👨‍👧‍👦	おとこのこ おやこ おんなのこ かぞく だんせい だんせいとおんなのことおとこのこのかぞく
👨‍👧‍👧	おやこ おんなのこ かぞく だんせい だんせいとおんなのことおんなのこのかぞく
👨‍👨‍👦	おとこのこ おやこ かぞく だんせい だんせいとだんせいとおとこのこのかぞく
👨‍👨‍👦‍👦	おとこのこ おやこ かぞく だんせい だんせいとだんせいとおとこのことおとこのこのかぞく
👨‍👨‍👧	おやこ おんなのこ かぞく だんせい だんせいとだんせいとおんなのこのかぞく
👨‍👨‍👧‍👦	おとこのこ おやこ おんなのこ かぞく だんせい だんせいとだんせいとおんなのことおとこのこのかぞく
👨‍👨‍👧‍👧	おやこ おんなのこ かぞく だんせい だんせいとだんせいとおんなのことおんなのこのかぞく
👨‍👩‍👦	おとこのこ おやこ かぞく じょせい だんせい だんせいとじょせいとおとこのこのかぞく
👨‍👩‍👦‍👦	おとこのこ おやこ かぞく じょせい だんせい だんせいとじょせいとおとこのことおとこのこのかぞく
👨‍👩‍👧	おやこ おんなのこ かぞく じょせい だんせい だんせいとじょせいとおんなのこのかぞく
👨‍👩‍👧‍👦	おとこのこ おやこ おんなのこ かぞく じょせい だんせい だんせいとじょせいとおんなのことおとこのこのかぞく
👨‍👩‍👧‍👧	おやこ おんなのこ かぞく じょせい だんせい だんせいとじょせいとおんなのことおんなのこのかぞく
👨‍💻	かいはつしゃ こんぴゅーた だんせい だんせいぎじゅつしゃ でべろっぱ ぱそこん ぷろぐらま
👨‍💼	かいしゃいん さらりーまん だんせい だんせいかいしゃいん びじねすぱーそん びじねすまん
👨‍🔧	おとこ こうさく すぱな だんせい だんせいのせいびし めかにっく
👨‍🔬	おとこ かがくしゃ だんせい だんせいかがくしゃ
👨‍🚀	うちゅうひこうし おとこ だんせい だんせいうちゅうひこうし
👨‍🚒	おとこ しょうぼうし だんせい だんせいしょうぼうし
👨‍🦯	あくせしびりてぃ しかく しょうがい だんせい つえをついただんせい め
👨‍🦯‍➡️	あくせしびりてぃ しかく しょうがい だんせい つえをついただんせい め
👨‍🦰	あかげ おとこ おとな かお だんせい
👨‍🦱	おとこ おとな かお だんせい まきげ
👨‍🦲	おとこ おとな かお だんせい はげあたま
👨‍🦳	おとこ おとな かお しらが だんせい
👨‍🦼	あくせしびりてぃ くるまいす しょうがい だんせい でんどうくるまいすのだんせい
👨‍🦼‍➡️	あくせしびりてぃ くるまいす しょうがい だんせい でんどうくるまいすのだんせい
👨‍🦽	あくせしびりてぃ くるまいす しゅどうしきくるまいすのだんせい しょうがい だんせい
👨‍🦽‍➡️	あくせしびりてぃ くるまいす しゅどうしきくるまいすのだんせい しょうがい だんせい
👩	 おとな おんな かお じょせい
👩‍⚕️	いし いしゃ おんな じょせい じょせいのいしゃ
👩‍⚖️	おんな さいばん さいばんかん じょせい じょせいのさいばんかん
👩‍✈️	おんな じょせい じょせいぱいろっと そうじゅうし
👩‍❤️‍👨	あつあつ かっぷる かっぷるとはーと こいびと じょせい じょせいとだんせいのかっぷる だんせい はーと
👩‍❤️‍👩	あつあつ かっぷる かっぷるとはーと こいびと じょせい じょせいとじょせいのかっぷる はーと
👩‍❤️‍💋‍👨	2にんできす かっぷる きす じょせい じょせいとだんせいできす だんせい ちゅっ はーと
👩‍❤️‍💋‍👩	2にんできす かっぷる きす じょせい じょせいとじょせいできす ちゅっ はーと
👩‍🌾	おんな じょせい のうか のうかのじょせい
👩‍🍳	おんな こっく しぇふ じょせい じょせいのこっく りょうり
👩‍🍼	あかちゃん おんな じゅにゅう じゅにゅうするじょせい じょせい
👩‍🎓	おんな かくぼう がくせい じょしがくせい じょせい そつぎょう
👩‍🎤	あーてぃすと おんな かしゅ しんがー じょせい じょせいかしゅ
👩‍🎨	あーてぃすと おんな がか げいじゅつか じょせい じょせいのげいじゅつか
👩‍🏫	おんな きょうし きょうじゅ じょせい じょせいのきょうし せんせい
👩‍🏭	おんな じょせい じょせいのようせつこう ようせつ
👩‍👦	おとこのこ おやこ かぞく じょせい じょせいとおとこのこのかぞく
👩‍👦‍👦	おとこのこ おやこ かぞく じょせい じょせいとおとこのことおとこのこのかぞく
👩‍👧	おやこ おんなのこ かぞく じょせい じょせいとおんなのこのかぞく
👩‍👧‍👦	おとこのこ おやこ おんなのこ かぞく じょせい じょせいとおんなのことおとこのこのかぞく
👩‍👧‍👧	おやこ おんなのこ かぞく じょせい じょせいとおんなのことおんなのこのかぞく
👩‍👩‍👦	おとこのこ おやこ かぞく じょせい じょせいとじょせいとおとこのこのかぞく
👩‍👩‍👦‍👦	おとこのこ おやこ かぞく じょせい じょせいとじょせいとおとこのことおとこのこのかぞく
👩‍👩‍👧	おやこ おんなのこ かぞく じょせい じょせいとじょせいとおんなのこのかぞく
👩‍👩‍👧‍👦	おとこのこ おやこ おんなのこ かぞく じょせい じょせいとじょせいとおんなのことおとこのこのかぞく
👩‍👩‍👧‍👧	おやこ おんなのこ かぞく じょせい じょせいとじょせいとおんなのことおんなのこのかぞく
👩‍💻	かいはつしゃ こんぴゅーた じょせい じょせいぎじゅつしゃ でべろっぱ ぱそこん ぷろぐらま
👩‍💼	おーる かいしゃいん さらりーまん じょせい じょせいかいしゃいん びじねすぱーそん
👩‍🔧	おんな こうさく じょせい じょせいのせいびし すぱな めかにっく
👩‍🔬	おんな かがくしゃ じょせい じょせいかがくしゃ
👩‍🚀	うちゅうひこうし おんな じょせい じょせいうちゅうひこうし
👩‍🚒	おんな しょうぼうし じょせい じょせいしょうぼうし
👩‍🦯	あくせしびりてぃ しかく しょうがい じょせい つえをついたじょせい め
👩‍🦯‍➡️	あくせしびりてぃ しかく しょうがい じょせい つえをついたじょせい め
👩‍🦰	あかげ おとな おんな かお じょせい
👩‍🦱	おとな おんな かお じょせい まきげ
👩‍🦲	おとな おんな かお じょせい はげあたま
👩‍🦳	おとな おんな かお しらが じょせい
👩‍🦼	あくせしびりてぃ くるまいす しょうがい じょせい でんどうくるまいすのじょせい
👩‍🦼‍➡️	あくせしびりてぃ くるまいす しょうがい じょせい でんどうくるまいすのじょせい
👩‍🦽	あくせしびりてぃ くるまいす しゅどうしきくるまいすのじょせい しょうがい じょせい
👩‍🦽‍➡️	あくせしびりてぃ くるまいす しゅどうしきくるまいすのじょせい しょうがい じょせい
👪️	 おやこ かぞく
👫	いせい かっぷる こいびと だんじょ てをつなぐだんじょ ともだち ふたり
👬	おとこ かっぷる こいびと てをつなぐだんせい ともだち どうせい
👭	おんな かっぷる こいびと てをつなぐじょせい ともだち どうせい
👮	おまわりさん かお けいかん けいさつ けいさつかん ぽりす
👮‍♀️	おまわりさん けいかん けいさつ けいさつかん じょせい じょせいけいさつかん
👮‍♂️	おまわりさん けいかん けいさつ けいさつかん だんせい だんせいけいさつかん
👯	うさみみ かお だんさー ばにー ばにーがーる ばにーぼーい ぱーてぃー
👯‍♀️	うさみみ おんな じょせい だんさー ばにーがーる ぱーてぃー
👯‍♂️	うさみみ おとこ だんさー だんせい ばにーぼーい ぱーてぃー
👰	 かお けっこん はなよめ べーるのひと
👰‍♀️	おんな じょせい べーる べーるのじょせい
👰‍♂️	おとこ だんせい べーる べーるのだんせい
👱	 かお きんぱつ きんぱつのひと ひと ぶろんど
👱‍♀️	おんな きんぱつ きんぱつのじょせい じょせい ぶろんど
👱‍♂️	おとこ きんぱつ きんぱつのだんせい だんせい ぶろんど
👲	おとこ おわんぼう かお だんせい ちゅうかぼうのだんせい
👳	かお たーばん たーばんのひと
👳‍♀️	おんな じょせい たーばん たーばんのじょせい
👳‍♂️	おとこ たーばん たーばんのだんせい だんせい
👴	 おじいさん おとしより かお こうれいしゃ だんせい ろうじん
👵	 おとしより おばあさん かお こうれいしゃ じょせい ろうじん
👶	 あかちゃん あかんぼう かお べびー
👷	かお かなづち けんせつさぎょういん こうじ はんまー へるめっと
👷‍♀️	けんせつさぎょういん こうじ じょせい じょせいのけんせつさぎょういん はんまー へるめっと
👷‍♂️	けんせつさぎょういん こうじ だんせい だんせいのけんせつさぎょういん はんまー へるめっと
👸	おうじょ おひめさま おんな かお くいーん じょせい ぷりんせす
👹	おに おめん かお なまはげ ばけもの
👺	おめん かお てんぐ
👻	 おばけ ごーすと ゆうれい ゆーれい
👼	 えんじぇる かお てんし
👽️	いせいじん うちゅうじん えいりあん かお ぐれい ゆーふぉー ＵＦＯ
👾	いせいじん いんべーだー うちゅうじん えいりあん かお もんすたー
👿	 あくま おこったあくま かお かんかん げきど でびる
💀	 かお がいこつ し すかる どくろ
💁	 あんない あんないするひと うけつけ うけつけじょう かお
💁‍♀️	あんない あんないするおんな おんな じぇすちゃー じょせい
💁‍♂️	あんない あんないするおとこ おとこ じぇすちゃー だんせい
💂	えいへい かお けいび しゅえい もんばん
💂‍♀️	えいへい けいび しゅえい じょせい じょせいのえいへい もんばん
💂‍♂️	えいへい けいび しゅえい だんせい だんせいのえいへい もんばん
💃	 おどりこ おどるおんな じょせい だんさー だんす ふらめんこ
💄	 くちべに けしょう りっぷ りっぷすてぃっく
💅	 つめ ねいる まにきゅあ まにきゅあをぬるて
💆	 えすて ふぇいすまっさーじ ふぇいすまっさーじちゅうのひと まっさーじ
💆‍♀️	えすて おんな じょせい ふぇいすまっさーじ ふぇいすまっさーじちゅうのおんな まっさーじ
💆‍♂️	えすて おとこ だんせい ふぇいすまっさーじ ふぇいすまっさーじちゅうのおとこ まっさーじ
💇	さんぱつ さんぱつされるひと とこや びよういん びようしつ へあかっと
💇‍♀️	さんぱつされるおんな じょせい とこや びよういん びようしつ へあかっと
💇‍♂️	さんぱつされるおとこ だんせい とこや びよういん びようしつ へあかっと
💈	さんぱつ とこや ばーばー びよういん びようしつ へあさろん りはつてん
💉	 いしゃ くすり ちゅうしゃ ちゅうしゃき びょうき
💊	いしゃ かぜぐすり かぷせる くすり びょうき
💋	 きす きすまーく くちびる ちゅっ
💌	 こいぶみ てがみ はーと ふうとう らぶれたー
💍	 じゅえりー だいあ だいや ゆびわ りんぐ
💎	 じゅえりー だいあ だいや ほうせき
💏	2にんできす かっぷる きす ちゅっ はーと ふたりできす
💐	 はな はなたば ぶーけ
💑	 あつあつ かっぷる かっぷるとはーと こいびと はーと
💒	 きょうかい けっこん けっこんしき しきじょう たてもの
💓	 どきどき どきどきするはーと はーと
💔	しつれん はーと はーとぶれいく わかれた われたはーと
💕	 はーと ふたつのはーと らぶ
💖	きらきら きらきらはーと はーと ぴかぴかはーと
💗	 おおきくなるはーと ときめき どきどき はーと
💘	きゅーぴっど はーと はーとにや はーとのや や
💙	 あおいはーと はーと
💚	 はーと みどりのはーと
💛	 きいろのはーと はーと
💜	 はーと むらさきのはーと
💝	はーと はーとにりぼん ばれんたいん ばれんたいんでー りぼん
💞	 かいてんするはーと かわいい はーと
💟	 はーと はーとでこ はーとでこれーしょん
💠	かわいい だいあ だいや どっとつきひしがた ひしがた
💡	 あかり でんきゅう ひらめき ぴこーん
💢	# いかり むかっ ＃
💣️	 ばくだん
💤	zzz いびき ぐーぐー ねる Ｚｚｚ
💥	 しょうげき しょうとつ どんっ
💦	 あせ あせあせ
💧	 あせ しずく すいてき たらーっ なみだ
💨	 いそぐ いそげ だっしゅ はしる
💩	 うんこ うんち かお
💪	 きんとれ きんにく ちからこぶ むきむき
💫	 くらくら ほし めがまわる
💬	 かいわ かいわのふきだし せりふ ふきだし
💭	かんがえごと くもがたのふきだし ふきだし もくもく
💮	 たいへんよくできました はな はなまる よくできました
💯	100 100てん 100てんまんてん ぜんもんせいかい ひゃくてんまんてん まんてん １００
💰️	おかね かねぶくろ きんぶくろ しょうきん どる どるぶくろ
💱	 えん おかね がいかりょうがえ つうか どる りょうがえ
💲	 おかね つうか どる どるきごう
💳️	 おかね かーど きゃっしゅかーど ぎんこう くれじっとかーど
💴	えん えんさつ おかね おさつ こぎって さつたば つうか ゆうりょう
💵	 おかね おさつ さつたば つうか どる どるさつ
💶	おかね おさつ さつたば つうか ゆーろ ゆーろさつ
💷	おかね おさつ さつたば つうか ぽんど ぽんどさつ
💸	 おかね おさつ さつたば どる はねがはえたおかね
💹	 いちば かぶ かぶか かわせ ぐらふ ちゃーと
💺	 いす ざせき せき
💻️	pc こんぴゅーた こんぴゅーたー のーとぱそこん ぱそこん らっぷとっぷ
💼	 かばん ぶりーふけーす
💽	えむおー えむでぃー こんぴゅーたー みにでぃすく ＭＤ
💾	えふでぃー こんぴゅーたー でぃすく ふろっぴー ふろっぴーでぃすく ＦＤ
💿️	dvd しーでぃー でぃすく ぶるれい ぶるーれい ＣＤ
📀	dvd しーでぃー でぃすく ぶるれい ぶるーれい ＤＶＤ
📁	 ふぁいる ふぉるだー ぶんぐ ぶんぼうぐ
📂	 ひらいたふぉるだー ふぁいる ふぉるだー ぶんぐ ぶんぼうぐ
📃	 かーる しょるい ぶんしょ まきぺーじ
📄	 しょるい ぶんしょ ぺーじ
📅	 かれんだー すけじゅーる ひづけ よてい
📆	かれんだー すけじゅーる ひづけ ひめくり ひめくりかれんだー よてい
📇	かーどいんでっくす ぶんぐ ぶんぼうぐ めいしほるだー ろーろでっくす
📈	 うえむき うわむき おれせんぐらふ ぐらふ ぐらふうえむき じょうしょう
📉	おれせんぐらふ かこう ぐらふ ぐらふしたむき したむき
📊	 ぐらふ ちゃーと ぼうぐらふ
📋️	 くりっぷ くりっぷぼーど ぶんぐ ぶんぼうぐ
📌	おしぴん がびょう ぴん ぶんぐ ぶんぼうぐ ぷっしゅぴん
📍	おしぴん がびょう ぴん ぶんぐ ぶんぼうぐ ぷっしゅぴん まるいおしぴん
📎	 かみくりっぷ くりっぷ ぜむくりっぷ ぶんぐ ぶんぼうぐ ぺーぱーくりっぷ
📏	 じょうぎ ぶんぐ ぶんぼうぐ ものさし
📐	 さんかくじょうぎ じょうぎ ぶんぐ ぶんぼうぐ
📑	ふせん ぶんぐ ぶんぼうぐ ぺーじにふせん ぺーじまーく まーく
📒	だいちょう のーと ぶんぐ ぶんぼうぐ りんぐのーと
📓	 のーと ぶんぐ ぶんぼうぐ
📔	のーと ひょうしつきのーと ぶんぐ ぶんぼうぐ
📕	しょせき とじたほん ぶんぼうぐ ほん
📖	しょせき ひらいたほん ぶんぼうぐ ほん
📗	しょせき ぶんぼうぐ ほん みどりのほん
📘	あおのほん しょせき ぶんぼうぐ ほん
📙	おれんじのほん しょせき ぶんぼうぐ ほん
📚️	しょせき ぶんぼうぐ ほん ほんのやま
📛	 なふだ ほいくえん ほいくしょ ようちえん
📜	しょるい すくろーる ぶんしょ ぶんぼうぐ まきもの
📝	 えんぴつとめも かみとえんぴつ ぶんぐ ぶんぼうぐ めも
📞	 こき じゅわき でんわ
📟️	 ぺーじゃー ぽけっとべる ぽけべる
📠	fax でんわ ふぁっくす ふくごうき ＦＡＸ
📡	 あんてな えいせいあんてな でんぱ ぱらぼら ぱらぼらあんてな
📢	 かくせいき すぴーかー めがほん
📣	 かくせいき すぴーかー めがほん
📤️	いーめーる そうしん そうしんとれい でんしめーる とれい めーる
📥️	いーめーる じゅしん じゅしんとれい でんしめーる とれい めーる
📦️	こづつみ たくはいびん たっきゅうびん だんぼーる にもつ ぱっく ぱっけーじ
📧	いーめーる てがみ でんしめーる ふうとう めーる ゆうびん Ｅめーる
📨	いーめーる じゅしん じゅしんする じゅしんちゅう でんしめーる めーる めーるじゅしんちゅう
📩	いーめーる そうしん そうしんする でんしめーる めーる めーるじゅしん めーるする
📪️	てがみなし とじた とじたゆうびんうけ はたつきぽすと ぽすと めーる ゆうびん ゆうびんうけ ゆうびんばこ
📫️	てがみあり とじた とじたゆうびんうけ はたつきぽすと ぽすと めーる ゆうびん ゆうびんうけ ゆうびんばこ
📬️	てがみあり ひらいた ひらいたゆうびんうけ ぽすと ゆうびんうけ ゆうびんばこ
📭️	てがみなし ひらいた ひらいたゆうびんうけ ぽすと ゆうびんうけ ゆうびんばこ
📮	 てがみ ぽすと ゆうびん ゆうびんばこ ゆうびんぽすと
📯	ゆうびん ゆうびんらっぱ らっぱ
📰	 しんぶん しんぶんし にゅーす
📱	 けいたい けいたいでんわ すまほ すまーとふぉん
📲	けいたい けいたいじゅしん けいたいでんわ じゅしん すまほ すまーとふぉん ちゃくしんちゅう でんわはっしん
📳	 けいたい けいたいでんわ すまほ すまーとふぉん まなーもーど
📴	けいたい けいたいでんわ けいたいでんわでんげんおふ すまほ すまーとふぉん でんげんおふ
📵	けいたいきんし けいたいでんわきんし すまほきんし すまーとふぉんきんし
📶	あんてなまーく けいたい けいたいでんわ けんない すまほ すまーとふぉん でんぱ
📷️	 かめら しゃしん
📸	かめら かめらふらっしゅ しゃしん ふらっしゅ ふらっしゅをたいているかめら
📹️	 かめら どうが びでお びでおかめら むーびー
📺️	 てれび びでお
📻️	 おんがく じゅしんき ほうそう らじお
📼	VHS どうが びでお びでおかせっと びでおてーぷ
📽️	えいが えいしゃき ぷろじぇくたー むーびー
📿	いのる じゅず ねっくれす ねんじゅ ろざりお
🔀	こうさ しゃっふる しゃっふるぼたん ぼたん やじるし
🔁	くりかえし ぜんきょく ぼたん やじるし りぴーとぼたん
🔂	1きょくりぴーとぼたん くりかえし ぼたん やじるし りぴーと
🔃	くりかえし さいよみこみ とけいまわり みぎまわり みぎまわりたてやじるし やじるし りろーど
🔄	くりかえし はんとけいまわり ひだりまわりやじるし やじるし りぴーと
🔅	あかるさ きど くらい ていきど ぶらいとねす
🔆	あかるい あかるさ きど こうきど ぶらいとねす
🔇	おとなし しょうおん すぴーかー すぴーかーしょうおん みゅーと
🔈️	おんりょう すぴーかー ぼりゅーむ
🔉	おんりょう おんりょうしょう すぴーかー すぴーかーおんりょうしょう ぼりゅーむ
🔊	 おんりょう おんりょうだい すぴーかー すぴーかーおんりょうだい だいおんりょう ぼりゅーむ
🔋	 かんでんち でんち ばってりー
🔌	 こんせんと でんげん ぷらぐ
🔍️	 けんさく むしめがね むしめがねひだり るーぺ
🔎	けんさく しょうさい むしめがね むしめがねみぎ るーぺ
🔏	 かぎ とじたじょうとぺん ぷらいばしー ろっく
🔐	あんぜん かぎ きー せきゅりてぃ とじたじょうとかぎ ろっく ろっくかくにん
🔑	 かぎ きー ぱすわーど
🔒️	かぎ じょう せじょう とじたじょう ろっく ろっくおん
🔓️	かいじょう かぎ じょう ひらいたじょう ろっく ろっくおふ
🔔	かね すず ちゃぺる べる
🔕	おとなし かね しょうおん すず べるしょうおん みゅーと
🔖	 しおり たぐ ふせん ぶっくまーく
🔗	 りんく りんくしんぼる
🔘	 にじゅうまる ぼたん らじおぼたん
🔙	 back backやじるし ばっく もどる やじるし
🔚	 end endやじるし えんど おわり やじるし
🔛	 on onやじるし おん やじるし
🔜	soon soonやじるし すぐ すーん やじるし
🔝	 top topやじるし うえ とっぷ やじるし
🔞	18きん 18さいみまんきんし きんし みせいねん １８きん
🔟	10 かこみすうじ １０
🔠	ABCD あるふぁべっと えいおおもじのにゅうりょく えいじ おおもじ だいもんじ ろーまじ ＡＢＣＤ
🔡	abcd あるふぁべっと えいこもじのにゅうりょく えいじ こもじ ろーまじ ａｂｃｄ
🔢	1234 すうじ すうじのにゅうりょく にゅうりょく １２３４
🔣	〒♪&% 〒♪&ぱーせんと きごう きごうのにゅうりょく にゅうりょく
🔤	あるふぁべっと えいご えいじ えいじのにゅうりょく えいびーしー ろーまじ ＡＢＣ
🔥	 ひ ふぁいあー ふぁいやー ほのお
🔦	あかり かいちゅうでんとう でんとう らいと
🔧	 こうぐ すぱな れんち
🔨	 かなづち こうぐ とんかち はんまー
🔩	 こうぐ なっと ぼると ぼるととなっと
🔪	 ないふ ほうちょう りょうり
🔫	 けんじゅう じゅう ぴすとる ぶき みずでっぽう りぼるばー
🔬	かがく けんきゅう けんびきょう さいえんす
🔭	かがく かんそく さいえんす てんたいかんそく ぼうえんきょう
🔮	 うらない うんめい すいしょう すいしょうだま たま
🔯	 うらない だびで ほし ろくぼうせい ろっかくせい
🔰	しょしんしゃ しょしんしゃまーく はつ わかばまーく
🔱	いかり うみ えんぶれむ とらいでんと みつまた
🔲	くろわくしかく しかく しかくぼたん せいほうけい ぼたん
🔳	しかく しかくぼたん しろわくしかく せいほうけい ぼたん
🔴	あか あかいまる おおきいまる おおまる まる まるいぼたん
🔵	あお あおいまる おおきいまる おおまる まる まるいぼたん
🔶	おおきいおれんじのひしがた おおきいひしがた おれんじ しかく だいあ だいや ひしがた
🔷	あお おおきいあおのひしがた おおきいひしがた しかく だいあ だいや ひしがた
🔸	おれんじ しかく だいあ だいや ちいさいおれんじのひしがた ちいさいひしがた ひしがた
🔹	あお しかく だいあ だいや ちいさいあおのひしがた ちいさいひしがた ひしがた
🔺	あか あかいうえさんかく うえ うえむきさんかく さんかく
🔻	あか あかいしたさんかく さんかく した したむきさんかく
🔼	うえ うえぼたん うえむきさんかく さんかく ぼたん やじるし
🔽	さんかく した したぼたん したむきさんかく ぼたん やじるし
🕉️	おーむ しゅうきょう ひんどぅーきょう
🕊️	とり どうぶつ はと へいわ
🕋	いすらむきょう かーば しゅうきょう せいち たてもの めっか
🕌	いすらむきょう しゅうきょう たてもの もすく
🕍	しなごーぐ しゅうきょう たてもの ゆだやきょう
🕎	しゅうきょう しょくだい めのらー めのーらー ゆだやきょう
🕐️	1:00 1じ いちじ とけい １じ
🕑️	2:00 2じ とけい にじ ２じ
🕒️	3:00 3じ さんじ とけい ３じ
🕓️	4:00 4じ とけい よじ ４じ
🕔️	5:00 5じ ごじ とけい ５じ
🕕️	6:00 6じ とけい ろくじ ６じ
🕖️	7:00 7じ しちじ とけい ななじ ７じ
🕗️	8:00 8じ とけい はちじ ８じ
🕘️	9:00 9じ くじ とけい ９じ
🕙️	10:00 10じ じゅうじ とけい めざまし １０じ
🕚️	11:00 11じ じゅういちじ とけい １１じ
🕛️	12:00 12じ しょうご じゅうにじ とけい １２じ
🕜️	1:30 1じはん とけい
🕝️	2:30 2じはん とけい
🕞️	3:30 3じはん とけい
🕟️	4:30 4じはん とけい
🕠️	5:30 5じはん とけい
🕡️	6:30 6じはん とけい
🕢️	7:30 7じはん とけい
🕣️	8:30 8じはん とけい
🕤️	9:30 9じはん とけい
🕥️	10:30 10じはん とけい
🕦️	11:30 11じはん とけい
🕧️	12:30 12じはん とけい
🕯️	あかり きゃんどる ろうそく
🕰️	おきどけい とけい まんてるくろっく
🕳️	あな
🕴️	ういてるびじねすまん おとこ くうちゅうふゆう すーつ だんせい びじねすまん
🕵️	すぱい たんてい むしめがね
🕵️‍♀️	おんな じょせい じょせいのたんてい たんてい むしめがね
🕵️‍♂️	おとこ たんてい だんせい だんせいのたんてい むしめがね
🕶️	さんぐらす めがね
🕷️	くも すぱいだー むし
🕸️	くも くものす
🕹️	げーむ こんとろーら じょいすてぃっく すてぃっく てれびげーむ
🕺	おとこ おどるおとこ だんさー だんす だんせい
🖇️	かみくりっぷ つながったくりっぷ ぶんぐ ぶんぼうぐ ぺーぱーくりっぷ
🖊️	ぶんぐ ぶんぼうぐ ぺん ぼーるぺん
🖋️	ぶんぐ ぶんぼうぐ まんねんひつ
🖌️	えのぐ えふで ぶんぐ ぶんぼうぐ
🖍️	くれよん ぶんぐ ぶんぼうぐ
🖐️	て ぱー ひらいたて
🖕	うえ たてたなかゆび て なかゆび ゆびさし
🖖	すぽっく て ばるかんじん ばるかんのあいさつ
🖤	くろいはーと はーと
🖥️	pc こんぴゅーたー ですくとっぷ ですくとっぷぱそこん ぱそこん
🖨️	いんさつき こぴーき ふくごうき ぷりんた ぷりんたー
🖱️	pc こんぴゅーたー ぱそこん まうす
🖲️	pc こんぴゅーたー とらっくぼーる ぱそこん
🖼️	え かいが げいじゅつ びじゅつかん
🗂️	いんでっくす かーどふぉるだー ふぉるだー ぶんぐ ぶんぼうぐ
🗃️	かーどふぁいるぼっくす はこ ふぁいる ぶんぐ ぶんぼうぐ ぼっくす
🗄️	きゃびねっと ひきだし ふぁいる ふぁいるきゃびねっと
🗑️	くずかご ごみかご ごみばこ
🗒️	のーと ぶんぐ ぶんぼうぐ めもちょう りんぐめも
🗓️	かれんだー すけじゅーる つきめくりかれんだー ひづけ よてい
🗜️	くらんぷ こうぐ ばいす まんりき
🗝️	きー てがかり ぱすわーど ふるいかぎ
🗞️	しんぶん しんぶんし にゅーす まるめたしんぶん
🗡️	たんとう だがー ないふ ぶき
🗣️	かお しるえっと はなす はなすひとのしるえっと
🗨️	かいわ せりふ ふきだし ふきだしひだり
🗯️	いかりのふきだし ふきだし
🗳️	せんきょ とうひょうばこ
🗺️	せかい せかいちず ちず
🗻	 ふじさん やま
🗼	 たわー とうきょう とうきょうたわー
🗽	あめりか じゆうのめがみ ちょうぞう にゅーよーく めがみ
🗾	 ちず にほん にほんちず
🗿	 かお ぞう もあい もやい
😀	えがお かお すまいる にっこり にっこりわらう わらう
😁	えがお かお すまいる にやっとわらう わらい わらう
😂	うれしなき えがお かお すまいる なみだ わらい わらう
😃	 えがお かお すまいる わーい
😄	 えがお かお すまいる わーい
😅	あせ えがお かお すまいる ひやあせ ひやあせえがお わーい
😆	 うれしい えがお かお きゃー すまいる まんぞく
😇	えがお かお すまいる てんしのわ てんしのわがついたえがお
😈	あくま えがお かお すまいる でびる わらったあくま
😉	 うぃんく ういんく かお
😊	えがお かお すまいる にこにこ ほほえみ ほほをあからめる めをほそめる
😋	うまい えがお おいしい かお すまいる にこにこ にこにこぺろり
😌	 あんしん かお ほっ ほっとしたかお
😍	 えがお かお すまいる はーと めがはーとのえがお らぶ
😎	えがお かお くーる さんぐらすでえがお すまいる
😏	 うすわらいをするかお かお にやり ふっ
😐️	かお ぽーかーふぇいす むひょうじょう
😑	かお むかんじょう むひょうじょう
😒	 かお しらけ しらけた しらける じとめ
😓	あせ かお きもをひやした ひやあせ
😔	 かお しょぼーん しょんぼり
😕	かお こんらん こんわく
😖	 かお こんらん こんわく こんわくしたかお
😗	かお きす ちゅっ
😘	 かお きす ちゅっ なげきっす はーと
😙	えがお かお きす すまいる ちゅっ にっこりきす
😚	 かお きす ちゅっ めをとじる
😛	かお した したをだしたかお べろ べー
😜	 あっかんべー かお した じょうだん じょーく べー
😝	 かお した べろ べー めをとじてべー わーい
😞	 かお がっかり がっくり しつぼうしたかお
😟	かお しんぱい なやむかお
😠	 いかり かお ぷんぷん
😡	いかり かお かんかん げきど ふくれっつら ぷんぷん
😢	 かお かなしい なきがお なく なみだ
😣	 かお がまん
😤	 かお かちほこったかお とくいげ はないき ふんっ
😥	 あせ かお こまった どうしよう
😦	あきれがお かお しかめがお しかめつら ふほんい ふまん
😧	かお くのう くもん
😨	 あおざめ かお がーん
😩	 あきらめ かお つかれ
😪	 かお ねむい ねむる ねる
😫	 かお げんかい つかれ つかれた
😬	いー かお しかめがお しかめっつら しかめつら
😭	 おおなき かお かなしい ごうきゅう なく なみだ
😮	かお きょうかん くちがひらいたかお へー
😮‍💨	あきらめ あんしん いきをはくかお かお ためいき ほっとした
😯	おどろき かお びっくり びっくりがお ぽかーん
😰	 あおざめ かお ひやあせ ひやあせあおざめ
😱	 かお がーん きょうふ さけび しょっく
😲	 おどろき かお きょうがく びっくり びっくりしたかお
😳	 あかくなる かお せきめん
😴	zzz かお ねむい ねむる ねる
😵	 かお ふらふら めまい
😵‍💫	うずまき ふらふら めがぐるぐる めがまわる めまい めをまわしたかお
😶	かお くちなし くちのないかお だんまり ちんもく
😶‍🌫️	うわのそら かお くものなかのかお ほうしんじょうたい ぼんやり むちゅう
😷	かお かぜ かふんしょう びょうき ますく ますくがお
😸	 えがお かお すまいる にやっとわらうねこ ねこ わらう
😹	 うれしなきするねこ えがお かお すまいる なみだ ねこ
😺	 えがお かお すまいる にっこりわらうねこ ねこ
😻	 えがお かお すまいる ねこ はーと めがはーとのねこ
😼	 かお にやり にやりとするねこ ねこ ふっ
😽	 かお きす ちゅっ ねこ ねこのきす
😾	 かお ねこ ふきげん ふきげんなねこ ぷんぷん
😿	 かお かなしい ないているねこ なみだ ねこ
🙀	 かお がーん しょっく ぜつぼうするねこ ねこ びっくり
🙁	かお こまった しかめつら すこしこまった すこしこまったかお
🙂	えがお かお すまいる ほほえみ ほほえむ
🙂‍↔️	いいえ ううん かお くびをふる くびをよこにふる ふさんせい
🙂‍↕️	うなずく うん うんうん かお くびをたてにふる くびをふる はい
🙃	かお さかさま さかさまのかお
🙄	うえをみるかお うわめ かお
🙅	ng えぬじー じぇすちゃー だめ だめのぽーずをするひと ばつ ひと
🙅‍♀️	ng えぬじー おんな じぇすちゃー じょせい だめのぽーずをするおんな ばつ
🙅‍♂️	ng えぬじー おとこ じぇすちゃー だめのぽーずをするおとこ だんせい ばつ
🙆	ok おーけー おーけーのぽーずをするひと じぇすちゃー ひと まる ＯＫ
🙆‍♀️	ok おっけー おーけー おーけーのぽーずをするおんな じぇすちゃー じょせい まる
🙆‍♂️	ok おっけー おーけー おーけーのぽーずをするおとこ じぇすちゃー だんせい まる
🙇	 おじぎ おじぎするひと ごめんなさい どげざ
🙇‍♀️	おじぎ おじぎするおんな おんな ごめんなさい じょせい どげざ
🙇‍♂️	おじぎ おじぎするおとこ おとこ ごめんなさい だんせい どげざ
🙈	 さる さんざる みざる
🙉	 きかざる さる さんざる
🙊	 いわざる さる さんざる
🙋	 きょしゅ てをあげる てをあげるじん ひと
🙋‍♀️	おんな きょしゅ じょせい てをあげる てをあげるおんな
🙋‍♂️	おとこ きょしゅ だんせい てをあげる てをあげるおとこ
🙌	 て てをあげる ばんざい りょうて
🙍	きゃらくたー しかめがお しかめっつら しかめつら しかめつらのひと
🙍‍♀️	おんな しかめがお しかめっつら しかめつらのおんな じょせい
🙍‍♂️	おとこ しかめがお しかめっつら しかめつらのおとこ だんせい
🙎	きゃらくたー ひと ふきげん ふきげんなひと ぷんぷん
🙎‍♀️	おんな じょせい ふきげん ふきげんなおんな ぷんぷん
🙎‍♂️	おとこ だんせい ふきげん ふきげんなおとこ ぷんぷん
🙏	いのり おねがい がっしょう ごめんなさい りょうて
🚀	 うちゅう のりもの ろけっと
🚁	のりもの へり へりこぷたー
🚂	sl えすえる じょうききかんしゃ のりもの れっしゃ
🚃	 でんしゃ のりもの れっしゃ
🚄	 しんかんせん でんしゃ のりもの
🚅	0けい しんかんせん ぜろけいしんかんせん でんしゃ のぞみ のりもの まるいしんかんせん
🚆	でんしゃ でんしゃしょうめん のりもの れっしゃ
🚇️	 ちかてつ でんしゃ のりもの めとろ
🚈	でんしゃ のりもの らいとれーる
🚉	えき でんしゃ のりもの ふみきり れっしゃ
🚊	でんしゃ のりもの ろめんでんしゃ ろめんでんしゃしょうめん
🚋	でんしゃ のりもの ろめんでんしゃ
🚌	 のりもの ばす
🚍️	のりもの ばす ばすしょうめん
🚎	とろりーばす のりもの ばす
🚏	 のりもの ばすてい ばすのりば
🚐	のりもの ばす まいくろばす
🚑️	 きゅうきゅうしゃ のりもの
🚒	 しょうぼうしゃ のりもの
🚓	 けいさつ のりもの ぱとかー
🚔️	けいさつ のりもの ぱとかー ぱとかーしょうめん
🚕	 たくしー のりもの
🚖	たくしー たくしーしょうめん のりもの
🚗	 くるま じどうしゃ のりもの
🚘️	くるま じどうしゃ じどうしゃしょうめん のりもの
🚙	rv suv suvくるま あーるぶいしゃ くるま じどうしゃ のりもの
🚚	 くるま とらっく のりもの はいたつ
🚛	くるま とらっく とれーらー のりもの
🚜	くるま とらくたー のりもの
🚝	でんしゃ のりもの ものれーる
🚞	でんしゃ とざんてつどう とざんでんしゃ のりもの
🚟	けんすいしきものれーる でんしゃ のりもの ものれーる
🚠	けーぶるかー ごんどら のりもの
🚡	ごんどら のりもの ろーぷうぇい
🚢	 のりもの ふね
🚣	かぬー かやっく すぽーつ のりもの ふね ぼーとをこぐひと
🚣‍♀️	かぬー かやっく じょせい すぽーつ ふね ぼーとをこぐおんな
🚣‍♂️	かぬー かやっく すぽーつ だんせい ふね ぼーとをこぐおとこ
🚤	 すぴーどぼーと のりもの ふね ぼーと
🚥	 しんごう しんごうき しんごうよこ
🚦	しんごう しんごうき しんごうたて
🚧	 こうじちゅう さいん つうこうどめ
🚨	 ぱとかー ぱとらんぷ
🚩	 ごるふ さんかくのはた すぽーつ はた ふらぐ ふらっぐ
🚪	 と とびら どあ
🚫	 きせい きんし しゃりょうつうこうどめ どうろ ひょうしき
🚬	 きつえん たばこ
🚭️	 きんえん きんし たばこ
🚮	くずかご ごみすて ごみばこ
🚯	きんし ごみ ごみすてきんし ぽいすてきんし
🚰	いんりょうすい すいどう のみみず みず
🚱	いんようふか きんし のめないみず
🚲️	 じてんしゃ のりもの
🚳	きせい きんし じてんしゃ じてんしゃきんし どうろ ひょうしき
🚴	けいりん さいくりんぐ じてんしゃにのるじん すぽーつ ろーどばいく ろーどれーす
🚴‍♀️	けいりん さいくりんぐ じてんしゃにのるおんな じょせい すぽーつ ろーどれーす
🚴‍♂️	けいりん さいくりんぐ じてんしゃにのるおとこ すぽーつ だんせい ろーどれーす
🚵	さいくりんぐ じてんしゃ すぽーつ まうんてんばいく まうんてんばいくにのるひと
🚵‍♀️	おんな さいくりんぐ じてんしゃ じょせい すぽーつ まうんてんばいくにのるおんな
🚵‍♂️	おとこ さいくりんぐ じてんしゃ すぽーつ だんせい まうんてんばいくにのるおとこ
🚶	 あるくひと うぉーきんぐ ほこう ほこうしゃ
🚶‍♀️	あるくおんな うぉーきんぐ じょせい ほこう ほこうしゃ
🚶‍♀️‍➡️	あるくおんな うぉーきんぐ じょせい ほこう ほこうしゃ
🚶‍♂️	あるくおとこ うぉーきんぐ だんせい ほこう ほこうしゃ
🚶‍♂️‍➡️	あるくおとこ うぉーきんぐ だんせい ほこう ほこうしゃ
🚶‍➡️	あるくひと うぉーきんぐ ほこう ほこうしゃ
🚷	きせい きんし どうろ ひょうしき ほこうしゃたちいりきんし
🚸	がっこう、ようちえん、ほいくしょとうあり こども じどうおうだん つうがくろ ひょうしき
🚹️	WC おてあらい けしょうしつ だんし だんしといれ だんせい といれ
🚺️	WC おてあらい けしょうしつ じょし じょしといれ じょせい といれ
🚻	 WC おてあらい けしょうしつ といれ
🚼️	 あかちゃん あかんぼう べびー べびーしーと
🚽	 おてあらい といれ べんき べんざ
🚾	 WC おてあらい けしょうしつ といれ
🚿	しゃわー ふろ
🛀	 ばすたぶ ふろ ふろにはいるじん よくそう
🛁	ばすたぶ ふろ よくそう
🛂	しゅつにゅうこく しゅつにゅうこくしんさ にゅうしゅっこく ぱすぽーとこんとろーる
🛃	ぜいかん つうかん
🛄	すーつけーす てにもつ てにもつうけとり ばげっじくれーむ
🛅	すーつけーす てにもつ てにもつあずかり ろっかー
🛋️	そふぁ そふぁとらんぷ ほてる らんぷ
🛌	ねる べっど べっどにねるひと ほてる
🛍️	かみてさげ かみぶくろ しょっぴんぐばっぐ ばっぐ
🛎️	べる べるぼーいべる ほてる
🛏️	すいみん ねる べっど ほてる
🛐	いのり しゅうきょう れいはいじょ
🛑	すとっぷ とまれ とまれのひょうしき ひょうしき
🛒	かいもの かーと しょっぴんぐ しょっぴんぐかーと すーぱー
🛕	しゅうきょう たてもの てら ひんずーきょう ひんどぅーきょうのじいん
🛖	こや ばんがろー ゆると わらぶきこや
🛗	あくせしびりてぃ えれべーたー しょうこうき ばりあふりー りふと
🛜	いんたーねっと すまほ でんぱ ねっとわーく ぱそこん わいふぁい
🛝	こうえん すべりだい ゆうぐ
🛞	しゃりん すぽーく たいや ほいーる
🛟	あんぜん うきわ きゅうめいぐ きゅうめいふかん らいふせーばー れすきゅー
🛠️	かなづち こうぐ とんかち はんまーとれんち れんち
🛡️	しーるど たて ぼうぐ
🛢️	せきゆ どらむかん
🛣️	こうそく こうそくどうろ どうろ
🛤️	せんろ てつどう
🛥️	のりもの ふね ぼーと もーたーぼーと
🛩️	こがたき こがたひこうき のりもの ひこうき
🛫	のりもの ひこうき ひこうきりりく りりく
🛬	ちゃくりく のりもの ひこうき ひこうきちゃくりく
🛰️	うちゅう じんこうえいせい
🛳️	きゃくせん のりもの ふね りょかくせん
🛴	きっくすくーたー きっくすけーたー きっくぼーど
🛵	げんつき すくーたー
🛶	かぬー かやっく のりもの ふね ぼーと
🛷	すけるとん すぽーつ そり そりきょうぎ ぼぶすれー りゅーじゅ
🛸	ufo うちゅう そらとぶえんばん のりもの ゆーふぉー
🛹	すけぼー すけーとぼーど ぼーど
🛺	おーとりくしゃー さんりんたくしー たくしー とぅくとぅく りくしゃー
🛻	くるま けいとらっく とらっく のりもの はいたつ ぴっくあっぷとらっく
🛼	すけーと すぽーつ ろーらーすけーと
🟠	おれんじ おれんじのまる まる まるいぼたん
🟡	きいろ きいろいまる まる まるいぼたん
🟢	まる まるいぼたん みどり みどりのまる
🟣	まる まるいぼたん むらさき むらさきのまる
🟤	ちゃいろ ちゃいろのまる まる まるいぼたん
🟥	あか あかいしかく しかく せいほうけい
🟦	あお あおいしかく しかく せいほうけい
🟧	おれんじ おれんじのしかく しかく せいほうけい
🟨	きいろ きいろいしかく しかく せいほうけい
🟩	しかく せいほうけい みどり みどりのしかく
🟪	しかく せいほうけい むらさき むらさきのしかく
🟫	しかく せいほうけい ちゃいろ ちゃいろいしかく
🟰	いこーる すうがく とうごう ひとしい ふとじのとうごう
🤌	うわむきにすぼめたて じぇすちゃー すぼめる て ゆび
🤍	しろいはーと はーと
🤎	ちゃいろいはーと はーと
🤏	すこしだけ ちょっと つまんでいるゆび て ゆび
🤐	かお くち くちちゃっく ちゃっく
🤑	おかねのかお かお した べろ べー
🤒	かお かぜ たいおんけい ねつがあるかお ねつをはかる びょうき
🤓	おたく かお まにあ めがね
🤔	うーん かお かんがえちゅう かんがえる かんがえるかお
🤕	かお けが けがしてるかお ほうたい ほうたいをまいたかお
🤖	かお ろぼっと
🤗	えがお かお すまいる はぐ
🤘	きつね つののゆびさいん て
🤙	て でんわ でんわのあいず でんわのじぇすちゃー
🤚	て てのこう
🤛	こぶし て ぱんち ひだり ひだりむきのこぶし
🤜	こぶし て ぱんち みぎ みぎむきのこぶし
🤝	あくしゅ ごうい て よろしく
🤞	て ゆび ゆびをくろす
🤟	あいしてる あいらぶゆー て
🤠	かうがーる かうぼーい かうぼーいのかお かお
🤡	かお ぴえろ ぴえろのかお
🤢	かお きもちわるい ぐあいのわるいかお はきけをもよおしているかお びょうき
🤣	えがお かお すまいる わらいころげる わらう
🤤	かお よだれ よだれをたらしたかお
🤥	うそつき うそつきのかお かお ぴのきおのかお
🤦	あちゃー じぇすちゃー ひたいにて ひたいにてをあてるひと
🤦‍♀️	あちゃー おんな じぇすちゃー じょせい ひたいにて ひたいにてをあてるおんな
🤦‍♂️	あちゃー おとこ じぇすちゃー だんせい ひたいにて ひたいにてをあてるおとこ
🤧	かお かぜ かふんしょう くしゃみ くしゃみするかお
🤨	うたがい おどろき かお まゆをあげたかお
🤩	えがお かお すまいる ほし めがほしのえがお
🤪	おかしい かお じょーく ふざけ ふざけたかお
🤫	かお しずかに しっ しー しーっ
🤬	いかり かお ののしり ののしる
🤭	えがお かお くすくす くちにてをあてたかお すまいる ないしょ
🤮	おうとするかお かお きもちわるい げろ びょうき
🤯	あたまばくはつ おどろき かお しょっく ばくはつ ぼんっ
🤰	おんな じょせい にんしん にんぷ
🤱	あかちゃん おんな じゅにゅう じょせい みるく
🤲	いのり て てのひらをそろえたりょうて りょうて
🤳	じどり じぶんどり すまほ せるふぃー
🤴	おうじ おとこ だんせい ぷりんす
🤵	けっこん たきしーど たきしーどのひと はなむこ
🤵‍♀️	おんな じょせい たきしーど たきしーどのおんな たきしーどのじょせい
🤵‍♂️	おとこ たきしーど たきしーどのおとこ たきしーどのだんせい だんせい
🤶	おんな くりすます さんたくろーす じょせい じょせいのさんた
🤷	おてあげ おてあげするひと じぇすちゃー
🤷‍♀️	おてあげ おてあげするおんな おんな じぇすちゃー じょせい
🤷‍♂️	おてあげ おてあげするおとこ おとこ じぇすちゃー だんせい
🤸	すぽーつ そくてん そくてんするひと たいそう
🤸‍♀️	おんな じょせい すぽーつ そくてん そくてんするおんな たいそう
🤸‍♂️	おとこ すぽーつ そくてん そくてんするおとこ たいそう だんせい
🤹	じゃぐらー じゃぐりんぐ じゃぐりんぐをするひと だいどうげい
🤹‍♀️	おんな じゃぐらー じゃぐりんぐ じゃぐりんぐをするおんな じょせい だいどうげい
🤹‍♂️	おとこ じゃぐらー じゃぐりんぐ じゃぐりんぐをするおとこ だいどうげい だんせい
🤺	すぽーつ ふぇんしんぐ ふぇんしんぐをするひと
🤼	すぽーつ れすらー れすりんぐ れすりんぐするひと れすりんぐをするひと
🤼‍♀️	おんな じょせい すぽーつ れすりんぐ れすりんぐするおんな れすりんぐをするおんな
🤼‍♂️	おとこ すぽーつ だんせい れすりんぐ れすりんぐするおとこ れすりんぐをするおとこ
🤽	きゅうぎ すいきゅう すいきゅうをするひと すぽーつ
🤽‍♀️	おんな きゅうぎ じょせい すいきゅう すいきゅうをするおんな すぽーつ
🤽‍♂️	おとこ きゅうぎ すいきゅう すいきゅうをするおとこ すぽーつ だんせい
🤾	きゅうぎ すぽーつ はんどぼーる はんどぼーるをするひと
🤾‍♀️	おんな きゅうぎ じょせい すぽーつ はんどぼーる はんどぼーるをするおんな
🤾‍♂️	おとこ きゅうぎ すぽーつ だんせい はんどぼーる はんどぼーるをするおとこ
🤿	しゅのーけりんぐ すきゅーば すぽーつ だいびんぐますく ますく
🥀	しおれた しおれたはな はな
🥁	おんがく がっき たいこ どらむ
🥂	かんぱい ぐらすでかんぱい しゃんぱん しゃんぺん すぱーくりんぐわいん すぷまんて
🥃	うぃすきー ういすきー ぐらす たんぶらー たんぶらーぐらす
🥄	かとらりー しょっき すぷーん
🥅	ごーる ごーるねっと すぽーつ ねっと
🥇	1い きん きんめだる ごーるど めだる
🥈	2い ぎん ぎんめだる しるばー めだる
🥉	3い どう どうめだる ぶろんず めだる
🥊	ぐろーぶ すぽーつ ぼくしんぐ ぼくしんぐぐろーぶ
🥋	からて じゅうどう すぽーつ てこんどー どうぎ ぶどう
🥌	かーりんぐ すとーん すぽーつ
🥍	ごーる すてぃっく すぽーつ ぼーる らくろす
🥎	すぽーつ そふとぼーる へたなげ ぼーる
🥏	あるてぃめっと ふらいんぐでぃすく ふりすびー
🥐	くろわっさん ぱん ふらんす べーかりー
🥑	あぼかど くだもの やさい
🥒	きゅうり つけもの ぴくるす やさい
🥓	にく べーこん
🥔	いも じゃがいも ぽてと やさい
🥕	にんじん やさい
🥖	ばげっと ぱん ふらんすぱん べーかりー
🥗	ぐりーん ぐりーんさらだ さらだ
🥘	しーふーど ぱえりあ
🥙	けばぶ けばぶさんど らっぷさんど
🥚	たまご
🥛	ぎゅうにゅう ぎゅうにゅういりのこっぷ こっぷ みるく
🥜	なっつ ぴーなっつ やさい らっかせい
🥝	きうい きういふるーつ くだもの
🥞	ぱんけーき ほっとけーき
🥟	ぎょうざ てんしん にくまん
🥠	おみくじ ふぉーちゅんくっきー
🥡	ちゅうか ていくあうとべんとう べんとう もちかえり
🥢	おはし はし
🥣	おかゆ しりある ちょうしょく ぼうるとすぷーん
🥤	こっぷ じゅーす すとろーかっぷ
🥥	くだもの ここなっつ ここなつ やしのみ
🥦	ぶろっこりー やさい
🥧	おかし たると ぱい
🥨	ねじり ぱん ぷれっつぇる
🥩	すてーき すてーきにく にく びーふ ぽーく らむ
🥪	さんどいっち ぱん
🥫	かん かんづめ ひじょうしょく
🥬	きゃべつ けーる ちんげんさい はやさい れたす
🥭	くだもの とろぴかる まんごー
🥮	あき おいわい げっぺい ちゅうかかし ちゅうしゅうせつ
🥯	くりーむちーず ぱんや べーかりー べーぐる
🥰	えがお かお はーとのえがお むちゅう めろめろ らぶ
🥱	あくびしたかお かお たいくつ つかれ ねむい ふあー
🥲	うれしなみだのかお かお かんどう じーん なく なみだ
🥳	おいわい ぱーてぃー ぱーてぃーのかお ふえ ぼうし
🥴	うつろなめ ちゅうどく ふらふらのかお べろんべろん ほろよい めまい
🥵	あかいかお あせ あついかお あつさ ねっちゅうしょう はつねつ
🥶	あおいかお こごえ さむいかお さむさ しもやけ つらら
🥷	おんみつ くさのもの しのび すぱい にんじゃ にんじゅつ
🥸	かお かそう ひげ へんそう へんそうしたかお めがね
🥹	うるうる かお こんがん なきがお なみだ なみだをこらえたかお
🥺	うったえるようなかお かお こいぬのめ こんがん なさけ ぴえん
🥻	さりー ふく みんぞくいしょう
🥼	いしゃ かがくしゃ じっけん はくい
🥽	ごーぐる すいえい ほごめがね ようせつ
🥾	きゃんぷ とざんぐつ はいきんぐ はいきんぐしゅーず ばっくぱっく ぶーつ
🥿	すりっぽん ばれえしゅーず ふらっとしゅーず ぺたんこくつ
🦀	かに せいざ どうぶつ
🦁	かお どうぶつ らいおん らいおんのかお
🦂	さそり せいざ むし
🦃	しちめんちょう たーきー とり どうぶつ
🦄	いっかくじゅう かお どうぶつ ゆにこーん ゆにこーんのかお
🦅	とり どうぶつ わし
🦆	かも とり どうぶつ
🦇	きゅうけつき こうもり どうぶつ ばんぱいあ
🦈	さかな さめ どうぶつ
🦉	とり どうぶつ ふくろう
🦊	かお きつね きつねのかお どうぶつ
🦋	ちょう むし
🦌	かお しか どうぶつ
🦍	かお ごりら どうぶつ
🦎	とかげ どうぶつ はちゅうるい
🦏	かお さい どうぶつ
🦐	えび しゅりんぷ しーふーど どうぶつ
🦑	いか しーふーど どうぶつ
🦒	きりん どうぶつ
🦓	しまうま しましま どうぶつ
🦔	とげ どうぶつ はりねずみ
🦕	きょうりゅう そうしょくきょうりゅう でぃぷろどくす ぶらきおさうるす りゅうきゃくるい
🦖	きょうりゅう てぃらのさうるす
🦗	こおろぎ ばった むし
🦘	おーすとらりあ かんがるー じゃんぷ じょーい ゆうたいるい
🦙	あるぱか ぐあなこ どうぶつ びくーな ようもう らま
🦚	くじゃく とり はで ぴーこっく
🦛	かば どうぶつ
🦜	おうむ かいぞく しゃべる とり
🦝	あらいぐま こうきしん ずるがしこい せんさくずき どうぶつ
🦞	ざりがに しーふーど はさみ びすく ろぶすたー
🦟	ういるす か ねつ びょうき まらりあ むし
🦠	あめーば ういるす さいきん ばくてりあ びせいぶつ
🦡	あなぐま どうぶつ みつあなぐま
🦢	とり はくちょう ひな みにくいあひるのこ
🦣	きば きょだい ぜつめつ どうぶつ まんもす
🦤	ぜつめつ とべないとり とり どーどー もーりしゃすとう
🦥	どうぶつ なまけもの のんびり ものぐさ
🦦	あそびすき かわうそ さかなをたべる どうぶつ らっこ
🦧	おらんうーたん さる どうぶつ もりのひと
🦨	あくしゅう すかんく どうぶつ
🦩	とり どうぶつ ねったい ぴんくいろ ふらみんご
🦪	おいすたー かい かき ぎょかい しーふーど なまがき
🦫	だむづくり どうぶつ びーばー
🦬	うし どうぶつ ばいそん ばっふぁろー むれ やぎゅう
🦭	あざらし あしか かいじゅう とど どうぶつ
🦮	あくせしびりてぃ いぬ しかく しょうがい ほじょ ほじょけん もうどうけん
🦯	あくせしびりてぃ しかく しょうがい つえ はくじょう
🦰	あかげ あかげのひと あかちゃ
🦱	あふろ かーる くせげ ぱんちぱーま まきげ
🦲	かがくりょうほう けがない すきんへっど はげあたま ぼうず
🦳	ぐれー こうれいしゃ しらが ねんぱい ろうじん
🦴	こっかく ほね
🦵	あし きっく
🦶	あし きっく だんす ふみつける
🦷	は はいしゃ
🦸	すーぱーひーろー ぜん ちょうじん ひろいん ひーろー
🦸‍♀️	じょせい じょせいのすーぱーひーろー ぜん ちょうじん ひろいん ひーろー
🦸‍♂️	ぜん だんせい だんせいのすーぱーひーろー ちょうじん ひーろー
🦹	あく あくやく ちょうじん はんにん ゔぃらん
🦹‍♀️	あく じょせい じょせいのあくやく ちょうじん はんにん ゔぃらん
🦹‍♂️	あく だんせい だんせいのあくやく ちょうじん はんにん ゔぃらん
🦺	あんぜんべすと きんきゅう こうじ ちょっき はんしゃ べすと
🦻	あくせしびりてぃ ちょうかく ほちょうきをつけたみみ みみ
🦼	あくせしびりてぃ いす くるまいす でんどうくるまいす
🦽	あくせしびりてぃ いす くるまいす しゅどうしきくるまいす
🦾	あくせしびりてぃ うで ぎしゅ じんこうそうぐ て
🦿	あくせしびりてぃ あし ぎそく じんこうそうぐ
🧀	ちーず
🧁	おかし かっぷけーき けーき すいーつ べーかりー
🧂	しお ちょうみりょう ふりかけようき やくみ
🧃	かみぱっくいんりょう じゅーす どりんく のみもの
🧄	かおり におい にんにく やくみ やさい
🧅	たまねぎ ねぎ やくみ やさい
🧆	ころっけ にくだんご ひよこまめ ふぁらふぇる
🧇	ふんわり やきがし わっふる
🧈	にゅうせいひん ばたー
🧉	おちゃ どりんく のみもの まてちゃ
🧊	かくごおり こおり つめたい
🧋	おちゃ たぴおか たぴおかどりんく どりんく ばぶるてぃー みるくてぃー
🧌	おとぎばなし とろーる ふぁんたじー もんすたー
🧍	きりつ たっている たつひと ひと
🧍‍♀️	きりつ じょせい たつおんな
🧍‍♂️	きりつ たつおとこ だんせい
🧎	すわる せいざするひと ひざまずく ひと
🧎‍♀️	じょせい すわる せいざするじょせい ひざまずく
🧎‍♀️‍➡️	じょせい すわる せいざするじょせい ひざまずく
🧎‍♂️	すわる せいざするだんせい だんせい ひざまずく
🧎‍♂️‍➡️	すわる せいざするだんせい だんせい ひざまずく
🧎‍➡️	すわる せいざするひと ひざまずく ひと
🧏	あくせしびりてぃ きこえない しょうがい ちょうかく ひと みみのふじゆうなひと
🧏‍♀️	あくせしびりてぃ しょうがい じょせい ちょうかく みみのふじゆうなじょせい
🧏‍♂️	あくせしびりてぃ しょうがい だんせい ちょうかく みみのふじゆうなだんせい
🧐	かお かためがね かんがえる めがね ものくるをつけたかお
🧑	おとな かお せいじん
🧑‍⚕️	いし いしゃ せらぴすと
🧑‍⚖️	さいばん さいばんかん
🧑‍✈️	きちょう そうじゅうし ぱいろっと
🧑‍🌾	がーでなー のうか のうぎょう のうじょうぬし
🧑‍🍳	こっく しぇふ りょうり
🧑‍🍼	あかちゃん じゅにゅう じゅにゅうするひと ひと
🧑‍🎄	くりすます さんたくろーす さんたさん
🧑‍🎓	かくぼう がくせい そつぎょう
🧑‍🎤	あーてぃすと かしゅ しんがー すたー ろっかー
🧑‍🎨	あーてぃすと えかき がか げいじゅつか
🧑‍🏫	きょうし きょうじゅ こうし せんせい たんにん
🧑‍🏭	こういん こうじょう ものづくり ようせつこう
🧑‍💻	かいはつしゃ ぎじゅつしゃ こんぴゅーた ぱそこん ぷろぐらま
🧑‍💼	かいしゃいん さらりーまん びじねすぱーそん
🧑‍🔧	こうさく さぎょういん すぱな せいびし めかにっく
🧑‍🔬	かがくしゃ せいぶつがくしゃ ぶつりがくしゃ
🧑‍🚀	うちゅうひこうし ろけっと
🧑‍🚒	きゅうじょたい しょうぼうし れすきゅー
🧑‍🤝‍🧑	かっぷる こいびと つなぐ て てをつなぐ てをつなぐ2にん てをつなぐふたり ともだち ひと
🧑‍🦯	あくせしびりてぃ しかく しょうがい つえをついたひと め
🧑‍🦯‍➡️	あくせしびりてぃ しかく しょうがい つえをついたひと め
🧑‍🦰	あかげ おとな かお せいじん
🧑‍🦱	おとな かお せいじん まきげ
🧑‍🦲	おとな かお せいじん はげあたま
🧑‍🦳	おとな かお しらが せいじん
🧑‍🦼	あくせしびりてぃ くるまいす しょうがい でんどうくるまいすのひと
🧑‍🦼‍➡️	あくせしびりてぃ くるまいす しょうがい でんどうくるまいすのひと
🧑‍🦽	あくせしびりてぃ くるまいす しゅどうしきくるまいすのひと しょうがい
🧑‍🦽‍➡️	あくせしびりてぃ くるまいす しゅどうしきくるまいすのひと しょうがい
🧑‍🧑‍🧒	おとなふたり おとなふたりとこどもひとりのかぞく おやこ かぞく こどもひとり
🧑‍🧑‍🧒‍🧒	おとなふたり おとなふたりとこどもふたりのかぞく おやこ かぞく こどもふたり
🧑‍🧒	おとなひとり おとなひとりとこどもひとりのかぞく おやこ かぞく こどもひとり
🧑‍🧒‍🧒	おとなひとり おとなひとりとこどもふたりのかぞく おやこ かぞく こどもふたり
🧒	かお こども
🧓	おとしより かお こうれいしゃ ろうじん
🧔	あごひげ あごひげのだんせい あごひげのひと かお ひげ ひと
🧔‍♀️	あごひげ あごひげのじょせい おんな かお ひげ
🧔‍♂️	あごひげ あごひげのだんせい おとこ かお ひげ
🧕	おんな じょせい すかーふ すかーふのじょせい ひじゃぶ べーる
🧖	さうな さうなにはいるひと
🧖‍♀️	おんな さうな さうなにはいるおんな じょせい
🧖‍♂️	おとこ さうな さうなにはいるおとこ だんせい
🧗	とざん やまのぼり やまをのぼるひと
🧗‍♀️	おんな じょせい とざん やまのぼり やまをのぼるおんな
🧗‍♂️	おとこ だんせい とざん やまのぼり やまをのぼるおとこ
🧘	めいそう よが よがのぽーずをするひと
🧘‍♀️	おんな じょせい めいそう よが よがのぽーずをするおんな
🧘‍♂️	おとこ だんせい めいそう よが よがのぽーずをするおとこ
🧙	まじょ まほう まほうつかい
🧙‍♀️	おんな おんなのまほうつかい じょせい まじょ まほうつかい
🧙‍♂️	おとこ おとこのまほうつかい だんせい まほうつかい
🧚	おべろん でんせつ ぱっく まほう ようせい
🧚‍♀️	おんな おんなのようせい じょせい ようせい
🧚‍♂️	おとこ おとこのようせい だんせい ようせい
🧛	きゅうけつき どらきゅら ばんぱいあ
🧛‍♀️	おんな おんなのきゅうけつき きゅうけつき じょせい どらきゅら ばんぱいあ
🧛‍♂️	おとこ おとこのきゅうけつき きゅうけつき だんせい どらきゅら ばんぱいあ
🧜	にんぎょ まーまん まーめいど
🧜‍♀️	おんな じょせい にんぎょ まーめいど
🧜‍♂️	おとこ だんせい にんぎょ まーまん
🧝	えるふ こようせい ようせい
🧝‍♀️	えるふ おんな おんなのえるふ じょせい
🧝‍♂️	えるふ おとこ おとこのえるふ だんせい
🧞	せいれい まじん
🧞‍♀️	おんな おんなのせいれい じょせい せいれい まじん
🧞‍♂️	おとこ おとこのせいれい せいれい だんせい まじん
🧟	ぞんび ほらー
🧟‍♀️	おんな おんなのぞんび じょせい ぞんび ほらー
🧟‍♂️	おとこ おとこのぞんび ぞんび だんせい ほらー
🧠	あたま ちしき のう のうみそ
🧡	おれんじのはーと はーと
🧢	きゃっぷ ぼうし やきゅうぼう
🧣	えりまき くびまき すかーふ まふらー
🧤	てぶくろ
🧥	あうたー おーばー こーと じゃけっと ふく
🧦	くつした そっくす
🧧	あかいふうとう おかね おとしだま こううん ごしゅうぎ ほんぱお
🧨	かやく だいなまいと ばくちく ばくはつ ばくやく
🧩	かぎ くみあわせ じぐそーぱずる ぱずる ぴーす
🧪	かがく しけんかん じっけん らぼ
🧫	せいぶつがく ばいよう ばくてりあ ぺとりさら
🧬	dna いでんし しんか せいぶつがく
🧭	おりえんてーりんぐ こうかい こうくう こんぱす じしゃく
🧮	あばかす そろばん
🧯	しょうか しょうかき しょうかきぐ しょうぼう
🧰	きかいこう こうぐばこ せいびし つーるぼっくす めかにっく
🧱	かべ しっくい ねんど もるたる れんが
🧲	ていてつ まぐねっと ゆーじがたじしゃく
🧳	すーつけーす ぱっきんぐ りょこう りょこうかばん
🧴	けしょうすい しゃんぷー ひやけどめ ろーしょん
🧵	いと いとまき さいほう ぬいばり ひも
🧶	あみもの かぎばり けいと けいとだま にっと
🧷	あんぜんぴん とめぴん
🧸	おもちゃ がんぐ くま てでぃべあ ぬいぐるみ
🧹	そうじ はく ほうき まじょ
🧺	かご しゅうかく せんたく ぴくにっく
🧻	きっちんぺーぱー といれっとぺーぱー ぺーぱーたおる
🧼	せっけん そーぷ ふろ
🧽	かいめん きゅうしゅう すぽんじ そうじ
🧾	かいけい ぼき りょうしゅうしょ れしーと
🧿	おまもり じゃし なざーる なざーるぼんじゅう びーず まよけ
🩰	くつ しゅーず だんす とうしゅーず ばれえ
🩱	すいむうぇあ みずぎ わんぴーすのみずぎ
🩲	したぎ すいむうぇあ ぱんつ ぶりーふ みずぎ
🩳	したぎ しょーつ すいむうぇあ ぱんつ みずぎ
🩴	くつ ごむぞうり さんだる とんぐさんだる びーさん びーちさんだる
🩵	うすいあお うすいあおのはーと しあん てぃーるぶるー はーと
🩶	ぎんいろ すれーとぐれー はいいろ はいいろのはーと はーと
🩷	かわいい すき はーと ぴんく ぴんくのはーと らぶ
🩸	いしゃ けが けつえき けんけつ せいり
🩹	きず くすり けが てあて ばんそうこう
🩺	いしゃ しんぞう ちょうしんき びょうき
🩻	いしゃ えっくすせん こっかく ほね れんとげん
🩼	けが しょうがい すてっき つえ ほこうほじょ まつばづえ
🪀	おもちゃ かいてん がんぐ よーよー
🪁	おもちゃ かいと がんぐ たこ たこあげ
🪂	すかいだいびんぐ ぱらぐらいだー ぱらしゅーと
🪃	おもちゃ おーすとらりあ かえってくる がんぐ はねかえり ぶき ぶーめらん
🪄	つえ まじゅつ まほうのつえ
🪅	おいわい たんじょうび にんぎょう ぱーてぃー ぴにゃーた
🪆	いれこ にんぎょう まとりょーしか ろしあ
🪇	おんがく がっき しぇいかー まらかす りずむ
🪈	おんがく がっき すいそうがく ふえ ふるーと りこーだー
🪐	てんたい どせい ほし りんぐ わくせい わのあるわくせい
🪑	いす かぐ こしかけ しーと ちぇあ
🪒	かみそり は ひげそり れーざー
🪓	おの き こうぐ はちぇっと まきわり
🪔	あかり おいる でぃやらんぷ らんぷ
🪕	おんがく がっき ばんじょー
🪖	ぐんたい ぐんようへるめっと せんとう へいし へるめっと みりたりー
🪗	あこーでぃおん おんがく がっき じゃばら
🪘	おんがく がっき こんが たいこ びーと りずむ
🪙	おかね きんか ぎんか こいん こうか こぜに
🪚	こうぐ だいく のこ のこぎり は もっこう
🪛	こうぐ すくりゅーどらいばー どらいばー ねじまわし
🪜	こうしょさぎょう すてっぱー のぼる はしご
🪝	かけがね かけきん とめがね ひっかけ ふっく
🪞	かがみ すがたみ はんしゃ みだしなみ みらー
🪟	あける かんき ながめ ふれーむ まど
🪠	きゅういんかっぷ すっぽん つうすいかっぷ といれ ぷらんじゃー らばーかっぷ
🪡	さいほう ししゅう すてっち ぬいばり ぬう はり
🪢	つな ねじれ のっと ひも むすびめ ろーぷ
🪣	おけ ばけつ ぽりばけつ ようき
🪤	おびきよせる しかけ ねずみとり ばね まうすとらっぷ わな
🪥	えいせい おていれ せんめんじょ はぶらし はみがき むしば
🪦	おはか せきひ はかば ぼせき ぼち まいそう
🪧	いぎ かんばん こうぎ しゅちょう でも ぷらかーど
🪨	おもたい かたい がんせき きょがん せきざい
🪩	きらきら だんす でぃすこ ぱーてぃー みらーぼーる
🪪	id うんてんめんきょしょう せきゅりてぃ みぶんしょう みぶんしょうめいしょ
🪫	じゅうでんぶそく でんちざんりょうていか ばってりー ばってりーざんりょうていか
🪬	おまもり ごふ て はむさ ふぁーてぃま みりあむ め
🪭	あおぐ うちわ おうぎ かぜ せんす なつ
🪮	あふろ あふろこーむ かみ くし こーむ
🪯	かんだ けん しくきょう しゅうきょう しーくきょう
🪰	がいちゅう はえ びょうげんきん ふけつ むし
🪱	きせいちゅう みみず むし
🪲	かぶとむし こんちゅう つの むし
🪳	がいちゅう ごきぶり むし
🪴	うえきばち しょくぶつ なえ はちうえ べらんだ みずやり みどり
🪵	ざいもく じゅもく まるた もくざい ろぐ
🪶	うもう かるい とぶ とり はね
🪷	せいじょう はすのはな はな ひんどぅーきょう ぶっきょう
🪸	うみ さんご さんごしょう
🪹	えいそう からっぽのす す すづくり
🪺	えいそう す すづくり とりのたまごとす
🪻	あおむらさき はな ひやしんす らべんだー
🪼	うみ くらげ さす しょくしゅ どく はり むせきついどうぶつ
🪽	あき しんわ つばさ てんし とぶ とり
🪿	あひる がちょう がーがー とり まぬけ
🫀	こどう しんぞう しんぱく ぞうき みゃく
🫁	こきゅう ぞうき はい
🫂	あいさつ ありがとう おわかれ こんにちは さようなら はぐするひと
🫃	おとこ だんせい にんしん にんぷ
🫄	おなか にんしん にんしんしたひと にんぷ
🫅	おうかんをかぶったひと おうけ おうさま おうぞく くんしゅ
🫎	えだつの しか どうぶつ へらじか ほにゅうるい
🫏	うま どうぶつ ほにゅうるい らば ろば
🫐	くだもの びるべりー ぶるーべりー べりー
🫑	あかぴーまん とうがらし ぱぷりか ぴーまん やさい
🫒	おりーぶ かじつ じつ み
🫓	あれぱ なん ぱん ぴたぱん ふらっとぶれっど らばし
🫔	たまる たまれす ちまき めきしかん
🫕	すいす ちょこ ちーず とかす なべ ふぉんでゅ
🫖	おちゃ きゅうす ちゃき てぃーぽっと のみもの
🫗	えきたい がらす こっぷからそそぐ こぼす のみもの
🫘	あずき きんときまめ まめ れっどきどにー
🫙	あき ちょうみりょう びん ほぞん ようき
🫚	しょうが じんじゃー すぱいす やくみ
🫛	えだまめ えんどうまめ ぐりーんぴーす さや まめ やさい
🫠	えきたい かお とけそう とけているかお とける とろける
🫡	おーけー かお ぐんたい けいれい けいれいするかお りょうかい
🫢	おそれ おどろき おののき かお びっくり めをあけてくちにてをあてたかお
🫣	かお こわごわ ぬすみみ のぞきみ ゆびのまからのぞきみるかお
🫤	かお くちがななめのかお こんわく むかんしん むきりょく
🫥	うちき かお てんせんのかお ないこうてき ゆううつ らくたん
🫦	くち くちびるをかんでいるくち くやしさ ゆうわく
🫧	あぶく あわ しゃぼんだま すいちゅう せっけん
🫨	かお しょっく しんどう じしん ふるえている ふるえているかお
🫰	おやゆびとひとさしゆびをくろす て ゆび ゆびをくろす
🫱	て ほうこう みぎがわ みぎにむけたて
🫲	て ひだりがわ ひだりにむけたて ほうこう
🫳	おとす した したにむけたて て
🫴	うえ うえにむけたて うける て
🫵	おまえだ て ひとをゆびさしているて ゆびさし
🫶	あい て はーとがたのて はーとぽーず らぶ
🫷	おす ことわる すとっぷ はいたっち ひだりむき ひだりむきにおしているて まて
🫸	おす ことわる すとっぷ はいたっち まて みぎむき みぎむきにおしているて