、	とうてん , 、 ， てん
。	くてん . ． 。 まる
，	かんま こんま , ， 、 てん
．	ぴりおど どっと . ． 。 てん
・	てん なかてん なかぐろ 、 ・ /
：	ころん : ： てん
；	せみころん ; ； てん
？	ぎもんふ . ? ？ くえすちょん はてな ・
？？	ぎもんふ . ? ？ くえすちょん はてな ・
？！	ぎもんふ . ? ？ くえすちょん はてな ・
！？	ぎもんふ かんたんふ . ? ？ ! ！ くえすちょん はてな えくすくらめーしょん びっくり ・
！	かんたんふ . ! ！ えくすくらめーしょん びっくり
！！	かんたんふ . ! ！ えくすくらめーしょん びっくり
゛	だくてん " てん てんてん きごう
゜	はんだくてん まる ' てん きごう
´	あきゅーと きごう '
'	あぽすとろふぃ くぉーと きごう '
¨	うむらうと とれま きごう
｀	` ぐらーぶ きごう
˝	だぶるあきゅーと
~	ちるだ きごう
¯	まくろん きごう
＾	^ きごう
￣	~ きごう うえ おーばーらいん
＿	_ きごう した あんだーばー あんだーすこあ あんだーらいん
`	` ぐらーぶ きごう ‘ ’ “ ” ' "
"   " ` だぶるくおーと だぶるくおーてーしょん くぉーと だぶるくぉーてしょん きごう
␣	すぺーす くうはく
ヽ	おなじ くりかえし どう きごう おどりじ おどり かさねじ おくりじ ゆすりじ じゅうてん じょうじ
ヾ	おなじ くりかえし どう きごう おどりじ おどり かさねじ おくりじ ゆすりじ じゅうてん じょうじ
ゝ	おなじ くりかえし どう きごう おどりじ おどり かさねじ おくりじ ゆすりじ じゅうてん じょうじ
ゞ	おなじ くりかえし どう きごう おどりじ おどり かさねじ おくりじ ゆすりじ じゅうてん じょうじ
〃	おなじ くりかえし どう きごう おどりじ おどり かさねじ おくりじ ゆすりじ じゅうてん じょうじ おなじく どうじょう のの ののじ ののてん ののじてん
仝	おなじ どう きごう
々	おなじ くりかえし どう のま きごう おどりじ おどり かさねじ おくりじ ゆすりじ じゅうてん じょうじ
〆	しめ きごう
〇	ぜろ れい きごう
ー	- ー － ―
-	- ー － ― はいふん まいなす きごう
―	- ー － ― だっしゅ きごう
–	- ー － ― だっしゅ きごう えんだっしゅ にぶだーし にぶだっしゅ enだっしゅ ENだっしゅ
—	- ー － ― だっしゅ きごう えmだっしゅ えむだっしゅ ぜんかくだっしゅ emだっしゅ EMだっしゅ
‐	- ー － ― はいふん
／	すらっしゅ しゃせん ・ / きごう ななめ
＼	ばっくすらっしゅ ぎゃくしゃせん ・ / ／ \ ＼ ¥ ￥ きごう しゃせん すらっしゅ ななめ
\	ばっくすらっしゅ ぎゃくしゃせん ・ / ／ \ ＼ ¥ ￥ きごう しゃせん すらっしゅ ななめ
〜	にょろ なみ から ー - ~ きごう より
∥	| || たてぼう たてせん へいこう きごう
‖	| || たてぼう たてせん そうちゅう きごう
｜	| たてぼう たてせん きごう
…	。。。 . ... ・・・ ・ 。 てん きごう あまり さんてん さんてんりーだ さんてんりーだー
‥	。。 .. ・・ ・ 。 てん など きごう にてんりーだ にてんりーだー
︙	。。。 . ... ・・・ ・ … : てん きごう さんてん さんてんりーだ さんてんりーだー たてさんてんりーだ たてさんてんりーだー たてりーだ たてりーだー
︰	。。 .. ・・ ・ ‥ : てん など きごう にてんりーだ にてんりーだー たてにてんりーだ たてにてんりーだー たてりーだ たてりーだー
‘	ばっくくおーと ばっくくぉーと ' " きごう
’   くおーと くおーてーしょん くぉーと くぉーてーしょん ' " きごう
“   ' だぶるくおーと だぶるくおーてーしょん くぉーと だぶるくぉーてしょん きごう "
”   ' だぶるくおーと だぶるくおーてーしょん くぉーと だぶるくぉーてしょん きごう "
（   [ 「 ( ｢
）   ] 」 ) ｣
〔   [ 「 ( ｢
〕	 ] 」 ) ｣
［	 [ 「 ( ｢
］	 ] 」 ) ｣
〘   [ 「 ( ｢
〙   ] 」 ) ｣
〚   [ 「 ( ｢
〛   ] 」 ) ｣
｛	 { [ ( 「 ｢
｝	 } ] ) 」 ｣
〈   < ( [ 「 ｢
〉   > ) ] 」 ｣
‹   < ( [ 「 ｢
›   > ) ] 」 ｣
《   << ( [ 「 ｢
》   >> ) ] 」 ｣
«   ぎゅめ << ( [ 「 ｢
»	ぎゅめ >> ) ] 」 ｣
「	[ 「 ( ｢
」	 ] 」 ) ｣
『	 [ 「 ( ｢
』	 ] 」 ) ｣
【	 [ 「 ( ｢
】	 ] 」 ) ｣
〝	[ 「 ( ｢ " ' きごう
〟	] 」 ) ｣ " ' きごう
（）	() 「」 かっこ まるかっこ
〔〕	() 「」 かっこ こうかっこ
［］	() 「」 かっこ かくかっこ
〘〙	() 「」 かっこ こうかっこ
〚〛	() 「」 かっこ かくかっこ
｛｝	() 「」 かっこ なみかっこ
〈〉	() 「」 <> かっこ やまかっこ
《》	() 「」 <<>> かっこ やまかっこ
«»	() 「」 <<>> かっこ やまかっこ ぎゅめ
‹›	() 「」 <> かっこ やまかっこ
「」	() 「」 かっこ かぎかっこ
『』	() 「」 かっこ かぎかっこ
【】	() 「」 かっこ 
‘’	() 「」 " '' かっこ
“”	() 「」 " '' かっこ
〝〟	() 「」 " '' かっこ つめかっこ だぶるみにゅーと ののかぎ
＋	ぷらす たす すうがく + ＋
−	まいなす ひく はいふん すうがく - ー
±	ぷらすまいなす ぷらまい +- +ー すうがく きごう
∓	まいなすぷらす -+ ー+ すうがく きごう
×	かける すうがく * ばつ ぺけ きごう
÷	わる すうがく / ・ きごう
＝	いこーる とうごう すうがく =
゠	だぶるはいふん =
≠	ふとうごう のっといこーる すうがく = != <> きごう とうごう
＜	ふとうごう しょうなり すうがく <
＞	ふとうごう だいなり すうがく >
≦	ふとうごう しょうなりいこーる すうがく < <= きごう
≧	ふとうごう だいなりいこーる すうがく > >= きごう
⋮	。。。 . ... ・・・ ・ 。 てん さんてん さんてんりーだ さんてんりーだー
⋯	。。。 . ... ・・・ ・ 。 てん あまり さんてん さんてんりーだ さんてんりーだー
⋰	。。。 . ... ・・・ ・ 。 てん さんてん さんてんりーだ さんてんりーだー
⋱	。。。 . ... ・・・ ・ 。 てん さんてん さんてんりーだ さんてんりーだー
∞	むげんだい むげん すうがく きごう
∴	ゆえに すうがく きごう さんかく てん
♀	めす きごう きんせい せんせいじゅつ
♂	おす きごう かせい せんせいじゅつ
°	ど たんい きごう
′	’ ふん たんい きごう
″	” びょう たんい きごう
℃	ど たんい せっし どC どc どしー C
°C	ど たんい せっし どC どc どしー C
°F	かし どF どf どえふ F
￥	えん つうか \ ¥ ＼ たんい
¥	えん つうか \ ￥ ＼ たんい
＄	どる だらー だら つうか $ たんい
¢	せんと つうか たんい
£	ぽんど つうか たんい
€	ゆーろ つうか たんい
％	ぱーせんと たんい %
＃	しゃーぷ なんばー いげた はっしゅ #
＆	あんど あんぱさんど &
＊	あすたりすく あすてりすく ほし *
＠	あっとまーく あっと @
§	せくしょん きごう だんらく
¶	せくしょん だんらく だんらくきごう ぱらぐらふ きごう
☆	ほし しろぼし しろほし ずけい
★	ほし くろぼし くろほし ずけい
○	まる しろまる ずけい
●	まる くろまる ずけい
◎	にじゅうまる まる ずけい
◉	じゃのめ まる ずけい
⦿	まるなかぐろ まる ずけい
◇	しかく だいや ひしがた ひし ずけい
◆	しかく だいや ひしがた ひし ずけい
□	しかく ずけい
■	しかく ずけい
△	さんかく ずけい
▲	さんかく ずけい
▽	さんかく ずけい ぎゃくさんかく
▼	さんかく ずけい ぎゃくさんかく
▷	さんかく ずけい みぎ みぎさんかく >
▶	さんかく ずけい みぎ みぎさんかく >
◁	さんかく ずけい ひだり ひだりさんかく <
◀	さんかく ずけい ひだり ひだりさんかく <
⬠	ごかく ずけい
⬟	ごかく ずけい
⬭	だえん ちょうえん ずけい
⬬	だえん ちょうえん ずけい
⬯	だえん ちょうえん ずけい
⬮	だえん ちょうえん ずけい
﹅	ごま けんてん ぼうてん わきてん
﹆	しろごま けんてん ぼうてん わきてん
※	こめ * こめじるし きごう ほし
▓	だーくしぇーど くろぬり しかく
▢	しかく かどまる
▣	しかく いれこ
▤	しかく よこぬり
▥	しかく たてぬり
▦	しかく じゅうじぬり
▧	しかく ななめぬり
▨	しかく ななめぬり
▩	しかく ななめじゅうじぬり
〒	ゆうびん ゆうびんばんごう きごう
→	やじるし みぎや -> ー> みぎ
←	やじるし ひだりや <- <ー ひだり
↑	やじるし うえや うえ
↓	やじるし したや した
☛	みぎへ →
☚	ひだりへ ←
☞	みぎへ →
☜	ひだりへ →
☝	うえへ ↑
☟	したへ ↓
〓	げた きごう
∈	すうがく しゅうごう けいさん きごう ぞくする ふくむ
∉	すうがく しゅうごう けいさん きごう ぞくさない ふくまない
∋	すうがく しゅうごう けいさん きごう ぞくする ふくむ
∌	すうがく しゅうごう けいさん きごう ぞくさない ふくまない
⊆	すうがく しゅうごう けいさん きごう
⊇	すうがく しゅうごう けいさん きごう
⊂	すうがく しゅうごう けいさん きごう
⊃	すうがく しゅうごう けいさん きごう
∪	すうがく きゃっぷ かっぷ おあ しゅうごう けいさん U きごう わしゅうごう
∩	すうがく きゃっぷ かっぷ あんど しゅうごう けいさん きごう せきしゅうごう
∧	すうがく かつ および あんど しゅうごう けいさん ^ きごう
∨	すうがく または おあ しゅうごう けいさん V きごう
¬	すうがく のっと ひてい しゅうごう けいさん きごう
⇒	すうがく やじるし みぎや -> ならば けいさん => きごう →
⇔	すうがく やじるし <-> どうち けいさん <=> きごう
∀	すうがく すべて すべての たーんえー けいさん A きごう たーんA
∃	すうがく そんざい けいさん E きごう
∠	すうがく かく けいさん きごう
⊥	すうがく すいちょく けいさん きごう かく
⊿	すうがく さんかく さんかくけい とらいあんぐる けいさん でるた ちょっかくさんかく ちょっかくさんかくけい きごう
⌒	すうがく こ けいさん きごう
∂	すうがく けいさん きごう へんびぶん らうんど でる
∇	すうがく なぶら けいさん きごう
∆	でるた ぞうぶん らぷらしあん
≡	すうがく ごうどう けいさん = きごう
≒	すうがく やく きんじ いこーる = けいさん きごう とうごう
≪	ふとうごう しょうなり すうがく けいさん << きごう
≫	ふとうごう だいなり すうがく けいさん >> きごう
√	るーと へいほうこん すうがく けいさん きごう こんごう sqrt
∛	さんじょうこん りっぽうこん こんごう cbrt
∜	よんじょうこん こんごう qdrt
∽	すうがく そうじ けいさん きごう
∝	すうがく ひれい けいさん きごう
∵	すうがく なぜならば けいさん きごう さんかく てん
∫	すうがく いんてぐらる せきぶん けいさん きごう
∬	すうがく いんてぐらる せきぶん にじゅうせきぶん けいさん きごう
⊕	すうがく ちょくわ えっくすおあ けいさん + きごう
∅	すうがく くうしゅうごう きごう
ℕ	すうがく しぜんすう きごう
ℤ	すうがく せいすう きごう
ℚ	すうがく ゆうりすう きごう
ℝ	すうがく じっすう きごう
ℂ	すうがく ふくそすう きごう
Å	おんぐすとろーむ たんい A きごう
‰	ぱーみる たんい きごう
♯	しゃーぷ おんがく # きごう
♭	ふらっと おんがく きごう
♪	おんぷ おんがく きごう
♫	おんぷ おんがく きごう
♬	おんぷ おんがく きごう
♮	なちゅらる おんがく きごう
†	だがー きごう
‡	だぶるだがー だがー きごう
◯	まる しろまる きごう
Α	ぎりしゃ あるふぁ
Β	ぎりしゃ べーた
Γ	ぎりしゃ がんま がんまー
Δ	ぎりしゃ でるた
Ε	ぎりしゃ いぷしろん
Ζ	ぎりしゃ ぜーた つぇーた じーた
Η	ぎりしゃ いーた えーた
Θ	ぎりしゃ しーた てーた
Ι	ぎりしゃ いおた
Κ	ぎりしゃ かっぱ
Λ	ぎりしゃ らむだ
Μ	ぎりしゃ みゅー
Ν	ぎりしゃ にゅー
Ξ	ぎりしゃ くさい くしい くしー ぐざい
Ο	ぎりしゃ おみくろん
Π	ぎりしゃ ぱい
Ρ	ぎりしゃ ろー
Σ	ぎりしゃ しぐま
Τ	ぎりしゃ たう
Υ	ぎりしゃ ゆぷしろん いぷしろん うぷしろん
Φ	ぎりしゃ ふぁい
Χ	ぎりしゃ かい
Ψ	ぎりしゃ ぷさい ぷしー
Ω	ぎりしゃ おめが おーむ
α	ぎりしゃ あるふぁ
β	ぎりしゃ べーた
γ	ぎりしゃ がんま がんまー
δ	ぎりしゃ でるた
ε	ぎりしゃ いぷしろん
ζ	ぎりしゃ ぜーた つぇーた じーた
η	ぎりしゃ いーた えーた
θ	ぎりしゃ しーた てーた
ι	ぎりしゃ いおた
κ	ぎりしゃ かっぱ
λ	ぎりしゃ らむだ
μ	ぎりしゃ みゅー まいくろ みくろん
ν	ぎりしゃ にゅー
ξ	ぎりしゃ くさい くしい くしー ぐざい
ο	ぎりしゃ おみくろん
π	ぎりしゃ ぱい
ρ	ぎりしゃ ろー
σ	ぎりしゃ しぐま
ς 	ぎりしゃ しぐま
τ	ぎりしゃ たう
υ	ぎりしゃ ゆぷしろん いぷしろん うぷしろん
φ	ぎりしゃ ふぁい
χ	ぎりしゃ かい
ψ	ぎりしゃ ぷさい ぷしー
ω	ぎりしゃ おめが おーむ
А	きりる ろしあ あー
Б	きりる ろしあ べー
В	きりる ろしあ ゔぇー
Г	きりる ろしあ げー
Д	きりる ろしあ でー
Е	きりる ろしあ いぇー ぃえー
Ё	きりる ろしあ よー ぃよー
Ж	きりる ろしあ じぇー
З	きりる ろしあ ぜー ぜぇー
И	きりる ろしあ いー
Й	きりる ろしあ いー
К	きりる ろしあ かー
Л	きりる ろしあ える
М	きりる ろしあ えむ
Н	きりる ろしあ えぬ
О	きりる ろしあ おー
П	きりる ろしあ ぺー
Р	きりる ろしあ える
С	きりる ろしあ えす
Т	きりる ろしあ てー
У	きりる ろしあ うー
Ф	きりる ろしあ えふ ふぃたー
Х	きりる ろしあ はー
Ц	きりる ろしあ つぇー
Ч	きりる ろしあ ちぇー
Ш	きりる ろしあ しゃー
Щ	きりる ろしあ しちゃー ししゃー
Ъ	きりる ろしあ
Ы	きりる ろしあ うぃ
Ь	きりる ろしあ
Э	きりる ろしあ えー
Ю	きりる ろしあ ゆー
Я	きりる ろしあ やー
а	きりる ろしあ あー
б	きりる ろしあ べー
в	きりる ろしあ ゔぇー
г	きりる ろしあ げー
д	きりる ろしあ でー
е	きりる ろしあ いぇー ぃえー
ё	きりる ろしあ よー ぃよー
ж	きりる ろしあ じぇー
з	きりる ろしあ ぜー ぜぇー
и	きりる ろしあ いー
й	きりる ろしあ いー
к	きりる ろしあ かー
л	きりる ろしあ える
м	きりる ろしあ えむ
н	きりる ろしあ えぬ
о	きりる ろしあ おー
п	きりる ろしあ ぺー
р	きりる ろしあ える
с	きりる ろしあ えす
т	きりる ろしあ てー
у	きりる ろしあ うー
ф	きりる ろしあ えふ ふぃたー
х	きりる ろしあ はー
ц	きりる ろしあ つぇー
ч	きりる ろしあ ちぇー
ш	きりる ろしあ しゃー
щ	きりる ろしあ しちゃー ししゃー
ъ	きりる ろしあ
ы	きりる ろしあ うぃ うい
ь	きりる ろしあ
э	きりる ろしあ えー
ю	きりる ろしあ ゆー
я	きりる ろしあ やー
─	けいせん ほそわく よこ
│	けいせん ほそわく たて
┌	けいせん ほそわく ひだりうえ
┐	けいせん ほそわく みぎうえ
┘	けいせん ほそわく みぎした
└	けいせん ほそわく ひだりした
├	けいせん
┬	けいせん ほそわく
┤	けいせん
┴	けいせん ほそわく
┼	けいせん まんなか
━	けいせん ふとわく よこ
┃	けいせん ふとわく たて
┏	けいせん ふとわく ひだりうえ
┓	けいせん ふとわく みぎうえ
┛	けいせん ふとわく みぎした
┗	けいせん ふとわく ひだりした
┣	けいせん
┳	けいせん ふとわく
┫	けいせん
┻	けいせん ふとわく
╋	けいせん まんなか
┠	けいせん
┯	けいせん
┨	けいせん
┷	けいせん
┿	けいせん まんなか
┝	けいせん
┰	けいせん
┥	けいせん
┸	けいせん
╂	けいせん まんなか
№	なんばー no NO
℡	でんわ tel TEL
☏	でんわ
☎	でんわ
☖	しょうぎ ごて
☗	しょうぎ せんて
⛉	しょうぎ
⛊	しょうぎ
♤	すぺーど
♠	すぺーど
♡	はーと
♥	はーと
♢	だいや ひしがた ひし
♦	だいや ひしがた ひし
♧	くらぶ くろーばー みつば
♣	くらぶ くろーばー みつば
♨	おんせん
☠	どくろ がいこつ どくぶつ
☡	こーしょん ちゅうい
☢	ほうしゃのう
☣	ばいおはざーど
☤	かどぅけうす けりゅけいおん
☥	あんく
☯	いんよう いんやん
☰	はっけ
☱	はっけ
☲	はっけ
☳	はっけ
☴	はっけ
☵	はっけ
☶	はっけ
☷	はっけ
☸	ほうりん
☿	すいせい せんせいじゅつ
♁	ちきゅう せんせいじゅつ
♃	もくせい せんせいじゅつ
♄	どせい せんせいじゅつ
♅	てんのうせい せんせいじゅつ
♆	かいおうせい せんせいじゅつ
♇	めいおうせい せんせいじゅつ
♈	せいざ おひつじざ
♉	せいざ おうしざ
♊	せいざ ふたござ
♋	せいざ かにざ
♌	せいざ ししざ
♍	せいざ おとめざ
♎	せいざ てんびんざ
♏	せいざ さそりざ
♐	せいざ いてざ
♑	せいざ やぎざ
♒	せいざ みずがめざ
♓	せいざ うおざ
☹	かおもじ むむ :(
☺	えがお かおもじ にこにこ :)
☻	えがお かおもじ にこにこ :)
☐	ちぇっくぼっくす
☑	ちぇっく ちぇっくぼっくす
☒	ちぇっく ちぇっくぼっくす ばつ ぺけ
☓	ちぇっく ばつ ぺけじ ぺけ ななめじゅうじ
✓	ちぇっく きごう
✔	ちぇっく きごう
♲	りさいくる
♺	りさいくる
♻	りさいくる
♼	りさいくる
♽	りさいくる
♿	くるまいす
⚀	さいころ さいころ1 1
⚁	さいころ さいころ2 2
⚂	さいころ さいころ3 3
⚃	さいころ さいころ4 4
⚄	さいころ さいころ5 5
⚅	さいころ さいころ6 6
⚖	てんびん
⚙	はぐるま ぎあ
⚠	ちゅうい けいこく
⚰	かんおけ
🀀	まーじゃん まーじゃんぱい ふぉんぱい ふうぱい とん
🀁	まーじゃん まーじゃんぱい ふぉんぱい ふうぱい なん
🀂	まーじゃん まーじゃんぱい ふぉんぱい ふうぱい しゃー
🀃	まーじゃん まーじゃんぱい ふぉんぱい ふうぱい ぺい ぺー
🀄︎	まーじゃん まーじゃんぱい さんげんぱい ほんちゅん ふぉんちゅん ほんちゅー ちゅん
🀅	まーじゃん まーじゃんぱい さんげんぱい りゅうふぁ りゅーふぁ りゅーふぁー はつ
🀆	まーじゃん まーじゃんぱい さんげんぱい ぱいぱん はく
🀇	まーじゃん まーじゃんぱい まんず わんず いーまん いーわん
🀈	まーじゃん まーじゃんぱい まんず わんず りゃんまん りゃんわん
🀉	まーじゃん まーじゃんぱい まんず わんず さんまん さんわん
🀊	まーじゃん まーじゃんぱい まんず わんず すーまん すーわん
🀋	まーじゃん まーじゃんぱい まんず わんず うーまん うーわん
🀌	まーじゃん まーじゃんぱい まんず わんず ろーまん ろーわん
🀍	まーじゃん まーじゃんぱい まんず わんず ちーまん ちーわん
🀎	まーじゃん まーじゃんぱい まんず わんず ぱーまん ぱーわん
🀏	まーじゃん まーじゃんぱい まんず わんず きゅーまん きゅーわん きゅうまん きゅうわん ちゅーまん ちゅーわん
🀐	まーじゃん まーじゃんぱい そーず いーそー
🀑	まーじゃん まーじゃんぱい そーず りゃんそー
🀒	まーじゃん まーじゃんぱい そーず さんそー
🀓	まーじゃん まーじゃんぱい そーず すーそー
🀔	まーじゃん まーじゃんぱい そーず うーそー
🀕	まーじゃん まーじゃんぱい そーず ろーそー
🀖	まーじゃん まーじゃんぱい そーず ちーそー
🀗	まーじゃん まーじゃんぱい そーず ぱーそー
🀘	まーじゃん まーじゃんぱい そーず きゅーそー きゅうそー ちゅーそー
🀙	まーじゃん まーじゃんぱい ぴんず いーぴん
🀚	まーじゃん まーじゃんぱい ぴんず りゃんぴん
🀛	まーじゃん まーじゃんぱい ぴんず さんぴん
🀜	まーじゃん まーじゃんぱい ぴんず すーぴん
🀝	まーじゃん まーじゃんぱい ぴんず うーぴん
🀞	まーじゃん まーじゃんぱい ぴんず ろーぴん
🀟	まーじゃん まーじゃんぱい ぴんず ちーぴん
🀠	まーじゃん まーじゃんぱい ぴんず ぱーぴん
🀡	まーじゃん まーじゃんぱい ぴんず きゅーぴん きゅうぴん ちゅーぴん
🀢	まーじゃん まーじゃんぱい うめ
🀣	まーじゃん まーじゃんぱい らん
🀤	まーじゃん まーじゃんぱい たけ
🀥	まーじゃん まーじゃんぱい きく
🀦	まーじゃん まーじゃんぱい はる
🀧	まーじゃん まーじゃんぱい なつ
🀨	まーじゃん まーじゃんぱい あき
🀩	まーじゃん まーじゃんぱい ふゆ
🀪	まーじゃん まーじゃんぱい ぱいたー じょーかー
🀫	まーじゃん まーじゃんぱい まーじゃんうら
🂠	とらんぷ とらんぷうら
🂡	とらんぷ すぺーどA すぺーど1 すぺーどえーす
🂢	とらんぷ すぺーど2
🂣	とらんぷ すぺーど3
🂤	とらんぷ すぺーど4
🂥	とらんぷ すぺーど5
🂦	とらんぷ すぺーど6
🂧	とらんぷ すぺーど7
🂨	とらんぷ すぺーど8
🂩	とらんぷ すぺーど9
🂪	とらんぷ すぺーど10
🂫	とらんぷ すぺーどJ すぺーど11 すぺーどじゃっく
🂬	すぺーどC すぺーどないと かばろ すぺーどかばろ 
🂭	とらんぷ すぺーどQ すぺーど12 すぺーどくいーん
🂮	とらんぷ すぺーどK すぺーど13 すぺーどきんぐ
🂱	とらんぷ はーとA はーと1 はーとえーす
🂲	とらんぷ はーと2
🂳	とらんぷ はーと3
🂴	とらんぷ はーと4
🂵	とらんぷ はーと5
🂶	とらんぷ はーと6
🂷	とらんぷ はーと7
🂸	とらんぷ はーと8
🂹	とらんぷ はーと9
🂺	とらんぷ はーと10
🂻	とらんぷ はーとJ はーと11 はーとじゃっく
🂼	はーとC はーとないと かばろ はーとかばろ
🂽	とらんぷ はーとQ はーと12 はーとくいーん
🂾	とらんぷ はーとK はーと13 はーときんぐ
🃁	とらんぷ だいやA だいや1 だいやえーす
🃂	とらんぷ だいや2
🃃	とらんぷ だいや3
🃄	とらんぷ だいや4
🃅	とらんぷ だいや5
🃆	とらんぷ だいや6
🃇	とらんぷ だいや7
🃈	とらんぷ だいや8
🃉	とらんぷ だいや9
🃊	とらんぷ だいや10
🃋	とらんぷ だいやJ だいや11 だいやじゃっく
🃌	だいやC だいやないと かばろ はーとかばろ
🃍	とらんぷ だいやQ だいや12 だいやくいーん
🃎	とらんぷ だいやK だいや13 だいやきんぐ
🃑	とらんぷ くらぶA くらぶ1 くらぶえーす
🃒	とらんぷ くらぶ2
🃓	とらんぷ くらぶ3
🃔	とらんぷ くらぶ4
🃕	とらんぷ くらぶ5
🃖	とらんぷ くらぶ6
🃗	とらんぷ くらぶ7
🃘	とらんぷ くらぶ8
🃙	とらんぷ くらぶ9
🃚	とらんぷ くらぶ10
🃛	とらんぷ くらぶJ くらぶ11 くらぶじゃっく
🃜	くらぶC くらぶないと かばろ くらぶかばろ
🃝	とらんぷ くらぶQ くらぶ12 くらぶくいーん
🃞	とらんぷ くらぶK くらぶ13 くらぶきんぐ
Ⅰ	きごう ろーま
Ⅱ	きごう ろーま
Ⅲ	きごう ろーま
Ⅳ	きごう ろーま
Ⅴ	きごう ろーま
Ⅵ	きごう ろーま
Ⅶ	きごう ろーま
Ⅷ	きごう ろーま
Ⅸ	きごう ろーま
Ⅹ	きごう ろーま
ⅰ	きごう ろーま
ⅱ	きごう ろーま
ⅲ	きごう ろーま
ⅳ	きごう ろーま
ⅴ	きごう ろーま
ⅵ	きごう ろーま
ⅶ	きごう ろーま
ⅷ	きごう ろーま
ⅸ	きごう ろーま
ⅹ	きごう ろーま
∑	すうがく しぐま そうわ けいさん
∟	すうがく ちょっかく
∮	すうがく いんてぐらる せきぶん へいろせきぶん けいさん ふぁい けいろせきぶん しゅうかいせきぶん
ℵ	あれふ
①	きごう まる1 まるいち
②	きごう まる2 まるに
③	きごう まる3 まるさん
④	きごう まる4 まるよん まるし
⑤	きごう まる5 まるご
⑥	きごう まる6 まるろく
⑦	きごう まる7 まるなな まるしち
⑧	きごう まる8 まるはち
⑨	きごう まる9 まるきゅう まるく
⑩	きごう まる10 まるじゅう
⑪	きごう まる11 まるじゅういち
⑫	きごう まる12 まるじゅうに
⑬	きごう まる13 まるじゅうさん
⑭	きごう まる14 まるじゅうし まるじゅうよん
⑮	きごう まる15 まるじゅうご
⑯	きごう まる16 まるじゅうろく
⑰	きごう まる17 まるじゅうなな まるじゅうしち
⑱	きごう まる18 まるじゅうはち
⑲	きごう まる19 まるじゅうきゅう まるじゅうく
⑳	きごう まる20 まるにじゅう
㉑	きごう まる21 まるにじゅういち
㉒	きごう まる22 まるにじゅうに
㉓	きごう まる23 まるにじゅうさん
㉔	きごう まる24 まるにじゅうよん まるにじゅうし
㉕	きごう まる25 まるにじゅうご
㉖	きごう まる26 まるにじゅうろく
㉗	きごう まる27 まるにじゅうなな まるにじゅうしち
㉘	きごう まる28 まるにじゅうはち
㉙	きごう まる29 まるにじゅうきゅう まるにじゅうく
㉚	きごう まる30 まるさんじゅう
㉛	きごう まる31 まるさんじゅういち
㉜	きごう まる32 まるさんじゅうに
㉝	きごう まる33 まるさんじゅうさん
㉞	きごう まる34 まるさんじゅうし まるさんじゅうよん
㉟	きごう まる35 まるさんじゅうご
㊱	きごう まる36 まるさんじゅうろく
㊲	きごう まる37 まるさんじゅうなな まるさんじゅうしち
㊳	きごう まる38 まるさんじゅうはち
㊴	きごう まる39 まるさんじゅうきゅう まるさんじゅうく
㊵	きごう まる40 まるよんじゅう
㊶	きごう まる41 まるよんじゅういち
㊷	きごう まる42 まるよんじゅうに
㊸	きごう まる43 まるよんじゅうさん
㊹	きごう まる44 まるよんじゅうし まるよんじゅうよん
㊺	きごう まる45 まるよんじゅうご
㊻	きごう まる46 まるよんじゅうろく
㊼	きごう まる47 まるよんじゅうなな まるよんじゅうしち
㊽	きごう まる48 まるよんじゅうはち
㊾	きごう まる49 まるよんじゅうきゅう まるよんじゅうく
㊿	きごう まる50 まるごじゅう
㈠	かっこ1 かっこいち
㈡	かっこ2 かっこに
㈢	かっこ3 かっこさん
㈣	かっこ4 かっこよん
㈤	かっこ5 かっこご
㈥	かっこ6 かっころく
㈦	かっこ7 かっこなな かっこしち
㈧	かっこ8 かっこはち
㈨	かっこ9 かっこきゅう
㈩	かっこ10 かっこじゅう
㈱	かぶ かぶしきがいしゃ かぶしき
㈲	ゆう ゆうげんがいしゃ ゆうげん
㈹	だい だいひょう
©	ちょさくけん こぴーらいと C まるしー (c) (C) まるc まるC
®	とうろくしょうひょう とれーどまーく R まるあーる (r) (R) まるr まるR
™	しょうひょう とれーどまーく TM
㊤	うえ じょう
㊥	なか ちゅう
㊦	した げ
㊧	ひだり
㊨	みぎ
㋿	れいわ ねんごう
㍻	へいせい ねんごう
㍼	しょうわ ねんごう
㍽	たいしょう ねんごう
㍾	めいじ ねんごう
㎎	みりぐらむ たんい mg MG
㎏	きろぐらむ たんい kg KG
㎜	みりめーとる たんい mm MM
㎝	せんちめーとる たんい cm CM
㎞	きろめーとる たんい km KM
㎡	へいほうめーとる たんい へいべい mm MM
㎥	りっぽうめーとる たんい りゅうべい りゅーべー りゅーべ
㏄	しーしー たんい cc
㏍	かぶしきがいしゃ kk
＂	さん せん
＇	’
￤	たて たてぼう |
ゐ	い うぃ
ゑ	え うぇ
ヰ	い うぃ
ヱ	え うぇ
ぁ	あ すてがな こがきもじ
ぃ	い すてがな こがきもじ
ぅ	う すてがな こがきもじ
ぇ	え すてがな こがきもじ
ぉ	お すてがな こがきもじ
っ	つ すてがな こがきもじ
ゃ	や すてがな こがきもじ
ゅ	ゆ すてがな こがきもじ
ょ	よ すてがな こがきもじ
ゎ	わ すてがな こがきもじ
ゟ	より ごうじ
ァ	あ すてがな こがきもじ
ィ	い すてがな こがきもじ
ゥ	う すてがな こがきもじ
ェ	え すてがな こがきもじ
ォ	お すてがな こがきもじ
ヵ	か すてがな こがきもじ
ヶ	け すてがな こがきもじ
ッ	つ すてがな こがきもじ
ャ	や すてがな こがきもじ
ュ	ゆ すてがな こがきもじ
ョ	よ すてがな こがきもじ
ヮ	わ すてがな こがきもじ
Ａ	えー えい
Ｂ	びー びぃ びい
Ｃ	しー
Ｄ	でぃー でー
Ｅ	いー
Ｆ	えふ
Ｇ	じー
Ｈ	えいち えっち
Ｉ	あい
Ｊ	じぇい じぇー
Ｋ	けい けー
Ｌ	える
Ｍ	えむ
Ｎ	えぬ
Ｏ	おー
Ｐ	ぴー
Ｑ	きゅー きゅう
Ｒ	あーる
Ｓ	えす
Ｔ	てぃ てぃー てー
Ｕ	ゆー
Ｖ	ゔぃ ぶい ぶぃ
Ｗ	だぶりゅー だぶる だぶるー
Ｘ	えっくす
Ｙ	わい
Ｚ	ぜっと
ａ	えー えい
ｂ	びー びぃ びい
ｃ	しー
ｄ	でぃー でー
ｅ	いー
ｆ	えふ
ｇ	じー
ｈ	えいち えっち
ｉ	あい
ｊ	じぇい じぇー
ｋ	けい けー
ｌ	える
ｍ	えむ
ｎ	えぬ
ｏ	おー
ｐ	ぴー
ｑ	きゅー きゅう
ｒ	あーる
ｓ	えす
ｔ	てぃ てぃー てー
ｕ	ゆー
ｖ	ゔぃ ぶい ぶぃ
ｗ	だぶりゅー だぶる だぶるー
ｘ	えっくす
ｙ	わい
ｚ	ぜっと
☀	てんき はれ たいよう
☼	てんき はれ たいよう
☁	てんき くもり くも
☂	てんき あめ かさ
☔	てんき あめ かさ
☃	てんき ゆき ゆきだるま
☄	ながれぼし こめっと
☇	かみなり
☈	らいう
☽	みかづき
☾	みかづき
☘	くろーばー
☕	こーひー こうちゃ てぃーかっぷ
♔	ちぇす きんぐ
♕	ちぇす くいーん くぃーん
♖	ちぇす るーく
♗	ちぇす びしょっぷ
♘	ちぇす ないと
♙	ちぇす ぽーん
♚	ちぇす きんぐ
♛	ちぇす くいーん くぃーん
♜	ちぇす るーく
♝	ちぇす びしょっぷ
♞	ちぇす ないと
♟	ちぇす ぽーん
⌘	こまんど こまんどきー
⌥	おぷしょん おぷしょんきー
⌫	ばっくすぺーす ばっくすぺーすきー
⌚	うでどけい とけい
Á	a A あきゅーと
É	e E あきゅーと
Í	i I あきゅーと
Ó	o O あきゅーと
Ú	u U あきゅーと
á	a A あきゅーと
é	e E あきゅーと
í	i I あきゅーと
ó	o O あきゅーと
ú	u U あきゅーと
Ä	a A うむらうと とれま
Ö	o O うむらうと とれま
Ü	u U うむらうと とれま
ä	a A うむらうと とれま
ö	o O うむらうと とれま
ü	u U うむらうと とれま
À	a A ぐらーぶ
È	e E ぐらーぶ
Ì	i I ぐらーぶ
Ò	o O ぐらーぶ
Ù	u U ぐらーぶ
à	a A ぐらーぶ
è	e E ぐらーぶ
ì	i I ぐらーぶ
ò	o O ぐらーぶ
ù	u U ぐらーぶ
Â	a A さーかむふれっくす はっと
Ê	e E さーかむふれっくす はっと
Î	i I さーかむふれっくす はっと
Ô	o O さーかむふれっくす はっと
Û	u U さーかむふれっくす はっと
â	a A さーかむふれっくす はっと
ê	e E さーかむふれっくす はっと
î	i I さーかむふれっくす はっと
ô	o O さーかむふれっくす はっと
û	u U さーかむふれっくす はっと
Ø	o O すらっしゅ
ø	o O すらっしゅ
Ç	c C せでぃーゆ
ç	c C せでぃーゆ
Ő	o O だぶるあきゅーと
Ű	u U だぶるあきゅーと
ő	o O だぶるあきゅーと
ű	u U だぶるあきゅーと
Ã	a A ちるだ
Ñ	n N ちるだ
Õ	o O ちるだ
ã	a A ちるだ
ñ	n N ちるだ
õ	o O ちるだ
Ë	e E うむらうと とれま
Ï	i I うむらうと とれま
ë	e E うむらうと とれま
ï	i I うむらうと とれま
ÿ	y Y うむらうと とれま
Ơ	o O ほーん
Ư	u U ほーん
Ớ	o O ほーん
Ờ	o O ほーん
Ở	o O ほーん
Ỡ	o O ほーん
Ợ	o O ほーん
Ứ	u U ほーん
Ừ	u U ほーん
Ử	u U ほーん
Ữ	u U ほーん
Ự	u U ほーん
ơ	o O ほーん
ư	u U ほーん
ớ	o O ほーん
ờ	o O ほーん
ở	o O ほーん
ỡ	o O ほーん
ợ	o O ほーん
ứ	u U ほーん
ừ	u U ほーん
ử	u U ほーん
ữ	u U ほーん
ự	u U ほーん
Ā	a A まくろん
Ǟ	a A まくろん
Ǣ	a A ae AE まくろん
Ē	e E まくろん
Ḡ	g G まくろん
Ī	i I まくろん
Ō	o O まくろん
Ȫ	o O まくろん
Ū	u U まくろん
Ǖ	u U まくろん
Ȳ	y Y まくろん
ā	a A まくろん
ǟ	a A まくろん
ǣ	a A ae AE まくろん
ē	e E まくろん
ḡ	g G まくろん
ī	i I まくろん
ō	o O まくろん
ȫ	o O まくろん
ū	u U まくろん
ǖ	u U まくろん
ȳ	y Y まくろん
Å	a A りんぐ
å	a A りんぐ
Æ	a A ae AE にじゅうぼいん ごうじ あっしゅ
æ	a A ae AE にじゅうぼいん ごうじ あっしゅ はつおんきごう
ß	s S ss SS ごうじ えすつぇっと
ẞ	s S ss SS ごうじ えすつぇっと
ɑ	a A はつおんきごう えー えい ぶろーどえー ぶろーどえい ぶろーどa ぶろーどA ぶろーどあ
ɒ	a A はつおんきごう
ʌ	はつおんきごう いんばーてっどぶい いんばーてぃっどぶい いんゔぁーてぃっどゔぃー いんゔぁーてっどゔぃー うぇっじ v u V U  
ə	はつおんきごう あいまいぼいん しゅわー しゅわ e E
ɚ	はつおんきごう あいまいぼいん ふっくとしゅわー ふっくとしゅわ ふっくどしゅわー ふっくどしゅわ しゅわー しゅわ e E
ɔ	はつおんきごう おーぷんおー o O
ɪ	はつおんきごう i I
ʊ	はつおんきごう ゆぷしろん u U
ð	はつおんきごう えず えす
ŋ	はつおんきごう えんぐ えん んg ng NG
ʃ	はつおんきごう えしゅ sh SH
ʒ	はつおんきごう えじゅ えっじゅ zh ZH
ʧ	はつおんきごう tsh TSH
ʤ	はつおんきごう dzh DZH
ː	はつおんきごう ちょうぼいん ： :
␀	NUL
␁	SOH
␂	STX
␃	ETX
␄	EOT
␅	ENQ
␆	ACK
␇	BEL
␈	BS
␉	HT
␊	LF
␋	VT
␌	FF
␍	CR
␎	SO
␏	SI
␐	DLE
␑	DC1
␒	DC2
␓	DC3
␔	DC4
␕	NAK
␖	SYN
␗	ETB
␘	CAN
␙	EM
␚	SUB
␛	ESC
␜	FS
␝	GS
␞	RS
␟	US
␠	SP
␡	DEL
␤	NL
ʬ	ww ばいらびあるぱーかっしぶ
¤	つうか たんい こくさいつうかきごう
₠	つうか たんい おうしゅうつうかたんい えきゅー　きゅうゆーろ　えきゅーきごう　きゅうゆーろきごう
₡	つうか たんい ころん ころんきごう
₢	つうか たんい くるぜいろ くるぜいろきごう
₣	つうか たんい ふらん ふらんきごう
₤	つうか たんい りら りらきごう
₥	つうか たんい みるきごう
₦	つうか たんい ないら ないらきごう
₧	つうか たんい ぺせた ぺせたきごう
₨	つうか たんい るぴー るぴーきごう
₩	つうか たんい うぉん うぉんきごう
₪	つうか たんい しんしぇける しんしぇけるきごう
₫	つうか たんい どん どんきごう
₭	つうか たんい きーぷ きーぷきごう
₮	つうか たんい どぐろぐ とぅぐるぐ とぅぐるく とぅぐりく どぐろぐきごう とぅぐるぐきごう とぅぐるくきごう とぅぐりくきごう
₯	つうか たんい どらくま どらくまきごう
₰	つうか たんい ぺにひ ぺにひきごう
₱	つうか たんい ぺそ ぺそきごう
₲	つうか たんい ぐあらにー ぐあらにーきごう
₳	つうか たんい あうすとらる あうすとらるきごう
₴	つうか たんい ぐりぶな ふりヴにゃ ふりぶにゃ ぐりぶなきごう ふりヴにゃきごう ふりぶにゃきごう
₵	つうか たんい せでぃ せでぃきごう
₶	つうか たんい りーぶる とぅーるりーぶる
₷	つうか たんい すぺすみろ
₸	つうか たんい てんげ
₹	つうか たんい るぴー いんどるぴー
₺	つうか たんい りら とるこりら
₻	つうか たんい まるく のるうぇーまるく
₼	つうか たんい まなと あぜるばいじゃんまなと
₽	つうか たんい るーぶる ろしあるーぶる
₾	つうか たんい らり じょーじあらり
₿	つうか たんい びっとこいん
㌀	あぱーと
㌁	あるふぁ
㌂	あんぺあ
㌃	あーる たんい
㌄	いにんぐ たんい
㌅	いんち たんい
㌆	うぉん たんい
㌇	えすくーど たんい
㌈	えーかー たんい
㌉	おんす たんい
㌊	おーむ たんい
㌋	かいり たんい
㌌	からっと たんい
㌍	かろりー たんい
㌎	がろん たんい
㌏	がんま たんい
㌐	ぎが たんい
㌑	ぎにー たんい
㌒	きゅりー たんい
㌓	ぎるだー たんい
㌔	きろ たんい
㌕	きろぐらむ たんい
㌖	きろめーとる たんい
㌗	きろわっと たんい
㌘	ぐらむ たんい
㌙	ぐらむとん たんい
㌚	くるぜいろ たんい
㌛	くろーね たんい
㌜	けーす たんい
㌝	こるな たんい
㌞	こーぽ
㌟	さいくる たんい
㌠	さんちーむ たんい
㌡	しりんぐ たんい
㌢	せんち たんい
㌣	せんと たんい
㌤	だーす たんい
㌥	でし たんい
㌦	どる たんい
㌧	とん たんい
㌨	なの たんい
㌩	のっと たんい
㌪	はいつ
㌫	ぱーせんと たんい
㌬	ぱーつ たんい
㌭	ばーれる たんい
㌮	ぴあすとる たんい
㌯	ぴくる たんい
㌰	ぴこ たんい
㌱	びる
㌲	ふぁらっど たんい
㌳	ふぃーと たんい
㌴	ぶっしぇる たんい
㌵	ふらん たんい
㌶	へくたーる たんい
㌷	ぺそ たんい
㌸	ぺにひ たんい
㌹	へるつ たんい
㌺	ぺんす たんい
㌻	ぺーじ たんい
㌼	べーた
㌽	ぽいんと たんい
㌾	ぼると たんい
㌿	ほん たんい
㍀	ぽんど たんい
㍁	ほーる
㍂	ほーん たんい
㍃	まいくろ たんい
㍄	まいる たんい
㍅	まっは たんい
㍆	まるく たんい
㍇	まんしょん
㍈	みくろん たんい
㍉	みり たんい
㍊	みりばーる たんい
㍋	めが たんい
㍌	めがとん たんい
㍍	めーとる たんい
㍎	やーど たんい
㍏	やーる たんい
㍐	ゆあん たんい
㍑	りっとる たんい
㍒	りら たんい
㍓	るぴー たんい
㍔	るーぶる たんい
㍕	れむ たんい たんい
㍖	れんとげん たんい
㍗	わっと たんい
↔	やじるし ←→ <-> <ー>
↕	やじるし ↑↓ ↓↑
↖	やじるし ← ↑ ひだりうえ ひだりうえや
↗	やじるし → ↑ みぎうえ みぎうえや
↘	やじるし → ↓ みぎした みぎしたや
↙	やじるし ← ↓ ひだりした ひだりしたや
↩	やじるし ←
↪	やじるし →
↰	やじるし ←
↱	やじるし →
↲	やじるし ←
↴	やじるし ↓
↳	やじるし →
↵	やじるし ← えんたー りたーん かいぎょう
↶	やじるし ↓
↷	やじるし ↓
↺	やじるし → ↑
↻	やじるし ← ↑
⤴	やじるし ↑
⤵	やじるし ↓
⇄	やじるし →←
⇅	やじるし ↑↓
⇆	やじるし ←→
⇇	やじるし ← ←←
⇈	やじるし ↑ ↑↑
⇉	やじるし → →→
⇊	やじるし ↓ ↓↓
⇐	やじるし ひだりや ひだり <= ←
⇑	やじるし うえや うえ ↑
⇓	やじるし したや した ↓
⇕	やじるし ↑↓ ↓↑
⇖	やじるし ひだりうえ ひだりうえや ← ↑
⇗	やじるし みぎうえ みぎうえや → ↑
⇘	やじるし みぎした みぎしたや → ↓
⇙	やじるし ひだりした ひだりしたや ← ↓
⇚	やじるし ひだりや ひだり ←
⇛	やじるし みぎや みぎ →
⇠	やじるし ひだりや ひだり <... ←
⇡	やじるし うえや うえ ↑
⇢	やじるし みぎや みぎ ...> →
⇣	やじるし したや した ↓
⇦	やじるし ひだりや ひだり ←
⇧	やじるし うえや うえ ↑
⇨	やじるし みぎや みぎ →
⇩	やじるし したや した ↓
〄	きごう JIS じす
〠	きごう ゆうびん
〶	きごう ゆうびん
〼	ます
〽	いおりてん うた
(月)	げつ げつよう げつようび
(火)	か かよう かようび
(水)	すい すいよう すいようび
(木)	もく もくよう もくようび
(金)	きん きんよう きんようび
(土)	ど どよう どようび
(日)	にち にちよう にちようび
㈪	げつよう げつようび
㈫	かよう かようび
㈬	すいよう すいようび
㈭	もくよう もくようび
㈮	きんよう きんようび
㈯	どよう どようび
㈰	にちよう にちようび
㈷	しゅくじつ かっこしゅく
㉁	やすみ きゅうじつ かっこきゅう
㈳	しゃだんほうじん かっこしゃ
㈴	なまえ かっこめい
㈵	とくしゅほうじん かっことく
㈶	ざいだんほうじん かっこざい
㈸	ろうどうくみあい かっころう
㈺	よびだし かっこよび
㈻	がっこうほうじん かっこがく
㈼	かんさほうじん かっこかん
㈽	かっこき
㈾	かっこし
㈿	かっこきょう
㉀	さいじつ かっこさい
㉂	かっこじ かっこより
㉃	いたる かっこいたる
㊙	まるひ
㊚	まるおとこ おとこ
㊛	まるおんな おんな
㊜	まるてき
㊝	まるゆう
㊞	まるいん いんかん
㊟	まるちゅう
㊠	まるこう
㊡	まるきゅう
㊢	まるしゃ
㊣	まるせい
㊩	まるい
㊪	まるしゅう
㊫	まるがく
㊬	まるかん
㊭	まるき
㊮	まるし
㊯	まるきょう
㊰	まるよる
㋐	まるあ
㋑	まるい
㋒	まるう
㋓	まるえ
㋔	まるお
㋕	まるか
㋖	まるき
㋗	まるく
㋘	まるけ
㋙	まるこ
㋚	まるさ
㋛	まるし
㋜	まるす
㋝	まるせ
㋞	まるそ
㋟	まるた
㋠	まるち
㋡	まるつ
㋢	まるて
㋣	まると
㋤	まるな
㋥	まるに
㋦	まるぬ
㋧	まるね
㋨	まるの
㋩	まるは
㋪	まるひ
㋫	まるふ
㋬	まるへ
㋭	まるほ
㋮	まるま
㋯	まるみ
㋰	まるむ
㋱	まるめ
㋲	まるも
㋳	まるや
㋴	まるゆ
㋵	まるよ
㋶	まるら
㋷	まるり
㋸	まるる
㋹	まるれ
㋺	まるろ
㋻	まるわ
㋼	まるうぃ まるゐ
㋽	まるうぇ まるゑ
㋾	まるを
⁰	うわつき うえつき うわつき0 うえつき0 うえ0
¹	うわつき うえつき うわつき1 うえつき1 うえ1
²	うわつき うえつき うわつき2 うえつき2 うえ2
³	うわつき うえつき うわつき3 うえつき3 うえ3
⁴	うわつき うえつき うわつき4 うえつき4 うえ4
⁵	うわつき うえつき うわつき5 うえつき5 うえ5
⁶	うわつき うえつき うわつき6 うえつき6 うえ6
⁷	うわつき うえつき うわつき7 うえつき7 うえ7
⁸	うわつき うえつき うわつき8 うえつき8 うえ8
⁹	うわつき うえつき うわつき9 うえつき9 うえ9
⁺	うわつき うえつき うわつき+ うえつき+ うえ+ +
⁻	うわつき うえつき うわつき- うえつき- うえ- -
⁼	うわつき うえつき うわつき= うえつき= うえ= =
⁽	うわつき うえつき うわつき( うえつき( うえ( (
⁾	うわつき うえつき うわつき) うえつき) うえ) )
ⁿ	うわつき うえつき うわつきn うえつきn うえn うわつきN うえつきN うえN うわつきん うえつきん うえん n
₀	したつき したつき0 した0
₁	したつき したつき1 した1
₂	したつき したつき2 した2
₃	したつき したつき3 した3
₄	したつき したつき4 した4
₅	したつき したつき5 した5
₆	したつき したつき6 した6
₇	したつき したつき7 した7
₈	したつき したつき8 した8
₉	したつき したつき9 した9
₊	したつき したつき+ した+ +
₋	したつき したつき- した- -
₌	したつき したつき= した= =
₍	したつき したつき( した( (
₎	したつき したつき) した) )
ₐ	したつき したつきa したつきあ したつきA したa したあ したA a
ₑ	したつき したつきe したつきえ したつきE したe したえ したE e
ₒ	したつき したつきo したつきお したつきO したo したお したO o
ₓ	したつき したつきx したつきX したx したX x
ₔ	したつき したつきe したつきえ したつきE したe したえ したE e
✁	きごう はさみ
✂	きごう はさみ
✃	きごう はさみ
✄	きごう はさみ
✆	きごう でんわ
✇	きごう てーぷ てーぷどらいぶ
✈	きごう ひこうき
✉	きごう ふうとう
✌	きごう ぴーす ぶい
✍	きごう てがき めも
✎	きごう えんぴつ
✏	きごう えんぴつ
✐	きごう えんぴつ
✑	きごう ぺん ぺんさき まんねんひつ
✒	きごう ぺん ぺんさき まんねんひつ
✕	きごう ばつ ぺけ かける
✖	きごう ばつ ぺけ かける
✗	きごう ばつ ぺけ
✘	きごう ばつ ぺけ
✙	きごう くろす じゅうじか じゅうじ
✚	きごう くろす じゅうじか じゅうじ
✛	きごう くろす じゅうじか じゅうじ
✜	きごう くろす じゅうじか じゅうじ
✝	きごう くろす じゅうじか じゅうじ
✞	きごう くろす じゅうじか じゅうじ
✟	きごう くろす じゅうじか じゅうじ
✠	きごう くろす じゅうじか じゅうじ まるたじゅうじ
✡	きごう ほし だびで だびでのほし ろくぼうせい
✢	きごう あすたりすく あすてりすく
✣	きごう あすたりすく あすてりすく
✤	きごう あすたりすく あすてりすく
✥	きごう あすたりすく あすてりすく
✦	きごう ほし
✧	きごう ほし
✩	きごう ほし
✪	きごう ほし
✫	きごう ほし
✬	きごう ほし
✭	きごう ほし
✮	きごう ほし
✯	きごう ほし
✰	きごう ほし
✱	きごう ほし あすたりすく あすてりすく
✲	きごう ほし あすたりすく あすてりすく
✳	きごう ほし あすたりすく あすてりすく
✴	きごう ほし あすたりすく あすてりすく
✵	きごう ほし あすたりすく あすてりすく
✶	きごう ほし あすたりすく あすてりすく
✷	きごう ほし あすたりすく あすてりすく
✸	きごう ほし あすたりすく あすてりすく
✹	きごう ほし あすたりすく あすてりすく
✺	きごう ほし あすたりすく あすてりすく
✻	きごう ほし あすたりすく あすてりすく
✼	きごう ほし あすたりすく あすてりすく
✽	きごう ほし あすたりすく あすてりすく
✾	きごう ほし あすたりすく あすてりすく はな
✿	きごう はな
❀	きごう はな
❁	きごう はな
❂	きごう ほし
❃	きごう ほし あすたりすく あすてりすく
❄	きごう ゆき
❅	きごう ゆき
❆	きごう ゆき
❇	きごう ほし あすたりすく あすてりすく
❈	きごう ほし あすたりすく あすてりすく
❉	きごう ほし あすたりすく あすてりすく
❊	きごう ほし あすたりすく あすてりすく
❋	きごう ほし あすたりすく あすてりすく
❍	きごう まる ずけい
❏	きごう しかく ずけい
❐	きごう しかく ずけい
❑	きごう しかく ずけい
❒	きごう しかく ずけい
❖	きごう ひし ひしがた ずけい
❘	きごう たてぼう たてせん |
❙	きごう たてぼう たてせん |
❚	きごう たてぼう たてせん |
❛	きごう くぉーと '
❜	きごう あぽすとろふぃ くぉーと こんま かんま '
❝	きごう だぶるくおーと だぶるくおーてーしょん くぉーと だぶるくぉーてしょん
❞	きごう だぶるくおーと だぶるくおーてーしょん くぉーと だぶるくぉーてしょん
❡	きごう だんらく せくしょん
❢	きごう かんたんふ ! ！ えくすくらめーしょん びっくり
❣	きごう かんたんふ ! ！ えくすくらめーしょん びっくり
❤	きごう はーと
❥	きごう はーと
❦	きごう はーと
❧	きごう はーと
❶	きごう まる1 まるいち
❷	きごう まる2 まるに
❸	きごう まる3 まるさん
❹	きごう まる4 まるよん まるし
❺	きごう まる5 まるご
❻	きごう まる6 まるろく
❼	きごう まる7 まるなな まるしち
❽	きごう まる8 まるはち
❾	きごう まる9 まるきゅう まるく
❿	きごう まる10 まるじゅう
➀	きごう まる1 まるいち
➁	きごう まる2 まるに
➂	きごう まる3 まるさん
➃	きごう まる4 まるよん まるし
➄	きごう まる5 まるご
➅	きごう まる6 まるろく
➆	きごう まる7 まるなな まるしち
➇	きごう まる8 まるはち
➈	きごう まる9 まるきゅう まるく
➉	きごう まる10 まるじゅう
➊	きごう まる1 まるいち
➋	きごう まる2 まるに
➌	きごう まる3 まるさん
➍	きごう まる4 まるよん まるし
➎	きごう まる5 まるご
➏	きごう まる6 まるろく
➐	きごう まる7 まるなな まるしち
➑	きごう まる8 まるはち
➒	きごう まる9 まるきゅう まるく
➓	きごう まる10 まるじゅう
➔	きごう やじるし みぎ
➘	きごう やじるし みぎした
➙	きごう やじるし みぎ
➚	きごう やじるし みぎうえ
➛	きごう やじるし みぎ
➜	きごう やじるし みぎ
➝	きごう やじるし みぎ
➞	きごう やじるし みぎ
➟	きごう やじるし みぎ
➠	きごう やじるし みぎ
➡	きごう やじるし みぎ
➢	きごう やじるし みぎ
➣	きごう やじるし みぎ
➤	きごう やじるし みぎ
➥	きごう やじるし みぎ
➦	きごう やじるし みぎ
➧	きごう やじるし みぎ
➨	きごう やじるし みぎ
➩	きごう やじるし みぎ
➪	きごう やじるし みぎ
➫	きごう やじるし みぎ
➬	きごう やじるし みぎ
➭	きごう やじるし みぎ
➮	きごう やじるし みぎ
➯	きごう やじるし みぎ
➱	きごう やじるし みぎ
➲	きごう やじるし みぎ
➳	きごう やじるし みぎ
➴	きごう やじるし みぎした
➵	きごう やじるし みぎ
➶	きごう やじるし みぎうえ
➷	きごう やじるし みぎした
➸	きごう やじるし みぎ
➹	きごう やじるし みぎうえ
➺	きごう やじるし みぎ
➻	きごう やじるし みぎ
➼	きごう やじるし みぎ
➽	きごう やじるし みぎ
➾	きごう やじるし みぎ
(笑)	わら
w	わら
www	わら くさ
(泣)	なく なき
(汗)	あせ
乙	ぶしゅ おつにょう つりばり
乚	ぶしゅ おつ おつにょう つりばり
丨	ぶしゅ いちぼう たて たてぼう こん |
丶	ぶしゅ てん
丿	ぶしゅ の
亅	ぶしゅ はねぼう かぎ
二	ぶしゅ
亠	ぶしゅ なべぶた
人	ぶしゅ
亻	ぶしゅ にんべん
𠆢	ぶしゅ ひとがしら ひとやね
儿	ぶしゅ にんにょう ひとあし
入	ぶしゅ いる いりがしら いりやね
八	ぶしゅ はちがしら
冖	ぶしゅ わかんむり べきかんむり
冂	ぶしゅ けいがまえ どうがまえ
冫	ぶしゅ にすい
几	ぶしゅ つくえ きにょう かぜがまえ
凵	ぶしゅ かんにょう うけばこ
刀	ぶしゅ
刂	ぶしゅ りっとう
力	ぶしゅ
勹	ぶしゅ つつみがまえ
匕	ぶしゅ ひ さじ さじのひ
匚	ぶしゅ はこがまえ
匸	ぶしゅ かくしがまえ
十	ぶしゅ
卜	ぶしゅ ぼくのと
卩	ぶしゅ ふしづくり まげわりふ
⺋	ぶしゅ ふしづくり まげわりふ
厂	ぶしゅ がんだれ
厶	ぶしゅ む
又	ぶしゅ
口	ぶしゅ くちへん
囗	ぶしゅ くにがまえ
土	ぶしゅ つちへん
士	ぶしゅ さむらい さむらいかんむり
夂	ぶしゅ ふゆがしら
夊	ぶしゅ すいにょう すいにゅう なつあし
夕	ぶしゅ
大	ぶしゅ だいがしら
女	ぶしゅ おんなへん
子	ぶしゅ こども こどもへん
宀	ぶしゅ うかんむり
寸	ぶしゅ
小	ぶしゅ しょうがしら なおがしら
尢	ぶしゅ まげあし だいのまげあし おうにょう
尣	ぶしゅ まげあし だいのまげあし おうにょう
尸	ぶしゅ かばねだれ
屮	ぶしゅ てつ めばえ
山	ぶしゅ やまへん
川	ぶしゅ
巛	ぶしゅ まがりがわ さんぽがわ
工	ぶしゅ たくみへん
己	ぶしゅ
巳	ぶしゅ おのれ
已	ぶしゅ おのれ
巾	ぶしゅ はばへん
干	ぶしゅ ほす かん いちじゅう
幺	ぶしゅ いとがしら
广	ぶしゅ まだれ
廴	ぶしゅ えんにょう
廾	ぶしゅ こまぬき
弋	ぶしゅ しきがまえ よく
弓	ぶしゅ ゆみへん
彐	ぶしゅ けいがしら いのこがしら
彑	ぶしゅ けいがしら いのこがしら
彡	ぶしゅ さんづくり かみかざり さん せん
彳	ぶしゅ ぎょうにんべん
心	ぶしゅ
忄	ぶしゅ りっしんべん
㣺	ぶしゅ したごころ
戈	ぶしゅ ほこがまえ ほこづくり
戸	ぶしゅ とだれ
手	ぶしゅ てへん
扌	ぶしゅ て てへん
支	ぶしゅ しにょう えだにょう
攴	ぶしゅ ぼくづくり，ぼくにょう，ぼんにょう
攵	ぶしゅ ぼくづくり，ぼくにょう，ぼんにょう
文	ぶしゅ ぶんにょう
斗	ぶしゅ ます とます
斤	ぶしゅ おの おのづくり
方	ぶしゅ かたへん ほうへん
无	ぶしゅ む むにょう すでのつくり
旡	ぶしゅ む むにょう すでのつくり
日	ぶしゅ ひへん
曰	ぶしゅ ひらび いわく
木	ぶしゅ きへん
欠	ぶしゅ あくび かける
止	ぶしゅ とめる とめへん
歹	ぶしゅ かばね かばねへん
殳	ぶしゅ ほこ ほこづくり るまた
毋	ぶしゅ なかれ
毌	ぶしゅ なかれ
比	ぶしゅ ならびひ くらべる
毛	ぶしゅ
氏	ぶしゅ
气	ぶしゅ きがまえ
水	ぶしゅ
氵	ぶしゅ さんずい
氺	ぶしゅ したみず
火	ぶしゅ ひへん
灬	ぶしゅ れんが れっか
爪	ぶしゅ そうにょう
爫	ぶしゅ つめかんむり
父	ぶしゅ
爻	ぶしゅ こう
爿	ぶしゅ しょうへん
片	ぶしゅ かたへん
牙	ぶしゅ
牛	ぶしゅ
牜	ぶしゅ うしへん
犬	ぶしゅ
犭	ぶしゅ けものへん
玄	ぶしゅ
玉	ぶしゅ たまへん ぎょくへん
王	ぶしゅ たま たまへん ぎょくへん
玊	ぶしゅ たま たまへん ぎょくへん
瓜	ぶしゅ
瓦	ぶしゅ
甘	ぶしゅ あまい かん
生	ぶしゅ いきる うまれる
用	ぶしゅ もちいる
甩	ぶしゅ もちいる よう
疋	ぶしゅ ひき
𤴔	ぶしゅ ひき
辵	ぶしゅ しんにょう しんにゅう
辶	ぶしゅ しんにょう しんにゅう
疒	ぶしゅ やまいだれ
邑	ぶしゅ おおざと
癶	ぶしゅ はつがしら
白	ぶしゅ しろへん
皮	ぶしゅ けがわ ひのかわ
酉	ぶしゅ とりへん ひよみのとり
皿	ぶしゅ
釆	ぶしゅ のごめ のごめへん
辰	ぶしゅ しんのたつ
目	ぶしゅ めへん
矛	ぶしゅ ほこへん
矢	ぶしゅ やへん
石	ぶしゅ いしへん
示	ぶしゅ しめす しめすへん ねへん
礻	ぶしゅ しめす しめすへん ねへん
禸	ぶしゅ ぐうのあし
禾	ぶしゅ のぎへん
穴	ぶしゅ あなかんむり
立	ぶしゅ たつへん
竹	ぶしゅ たけかんむり
⺮	ぶしゅ たけかんむり
米	ぶしゅ こめへん
糸	ぶしゅ いとへん
糹	ぶしゅ いと いとへん
缶	ぶしゅ ほとぎ ほとぎへん
网	ぶしゅ あみがしら よんがしら あみめ
罒	ぶしゅ あみがしら よんがしら あみめ め
罓	ぶしゅ あみがしら よんがしら あみめ
𦉰	ぶしゅ あみがしら よんがしら あみめ
㓁	ぶしゅ あみがしら よんがしら あみめ
羊	ぶしゅ ひつじへん
𦍌	ぶしゅ ひつじ ひつじへん
羽	ぶしゅ
老	ぶしゅ おいがしら おいかんむり
耂	ぶしゅ おいがしら おいかんむり
而	ぶしゅ しこうして
耒	ぶしゅ すきへん らいすき
耳	ぶしゅ みみへん
聿	ぶしゅ ふでづくり
肀	ぶしゅ ふでづくり
𦘒	ぶしゅ ふでづくり
肉	ぶしゅ
月	ぶしゅ にく にくづき つきへん
臣	ぶしゅ
自	ぶしゅ みずから
至	ぶしゅ いたるへん
臼	ぶしゅ
𦥑	ぶしゅ うす
舌	ぶしゅ
舛	ぶしゅ
舟	ぶしゅ ふねへん
艮	ぶしゅ こんづくり こん ねづくり
色	ぶしゅ
艸	ぶしゅ くさかんむり
艹	ぶしゅ くさかんむり
虍	ぶしゅ とらがしら
虫	ぶしゅ むしへん
血	ぶしゅ ちへん
行	ぶしゅ ぎょうがまえ ゆきがまえ
衣	ぶしゅ
衤	ぶしゅ ころもへん
襾	ぶしゅ にし
覀	ぶしゅ にし
西	ぶしゅ
見	ぶしゅ
角	ぶしゅ つのへん
言	ぶしゅ ごんべん
訁	ぶしゅ ごんべん
谷	ぶしゅ
豆	ぶしゅ
豕	ぶしゅ いのこへん
豸	ぶしゅ むじなへん
貝	ぶしゅ かいへん
赤	ぶしゅ あかへん
走	ぶしゅ はしる そうにょう
足	ぶしゅ あしへん
𧾷	ぶしゅ あし あしへん
身	ぶしゅ みへん
車	ぶしゅ くるまへん
辛	ぶしゅ からい しん
里	ぶしゅ さとへん
金	ぶしゅ かねへん
釒	ぶしゅ かね かねへん
長	ぶしゅ ながい
镸	ぶしゅ ながい
門	ぶしゅ もんがまえ かどがまえ
阜	ぶしゅ こざとへん
阝	ぶしゅ こざとへん おおざと
隶	ぶしゅ れいづくり
隹	ぶしゅ ふるとり
雨	ぶしゅ あめかんむり
靑	ぶしゅ
青	ぶしゅ
非	ぶしゅ あらず
面	ぶしゅ
革	ぶしゅ かわへん つくりがわ
韋	ぶしゅ なめしがわ
韭	ぶしゅ にら
音	ぶしゅ おとへん
頁	ぶしゅ おおがい
風	ぶしゅ ふうにょう
飛	ぶしゅ とぶ
食	ぶしゅ しょくへん
𩙿	ぶしゅ しょくへん
飠	ぶしゅ しょくへん
首	ぶしゅ
香	ぶしゅ
馬	ぶしゅ うまへん
骨	ぶしゅ ほねへん
高	ぶしゅ たかい
髟	ぶしゅ かみがしら
鬥	ぶしゅ たたかいがまえ とうがまえ
鬯	ぶしゅ ちょう においざけ
鬲	ぶしゅ
鬼	ぶしゅ きにょう
魚	ぶしゅ うおへん
鳥	ぶしゅ
鹵	ぶしゅ ろ しお
鹿	ぶしゅ
麥	ぶしゅ ばくにょう
麦	ぶしゅ ばくにょう
麻	ぶしゅ あさかんむり
黃	ぶしゅ き
黄	ぶしゅ
黍	ぶしゅ
黑	ぶしゅ くろ
黒	ぶしゅ
黹	ぶしゅ ち ぬいとり ふつへん
黽	ぶしゅ べんあし おおがえる
鼎	ぶしゅ てい
鼓	ぶしゅ
鼠	ぶしゅ
鼻	ぶしゅ はなへん
齊	ぶしゅ せい
斉	ぶしゅ せい
齒	ぶしゅ は はへん
歯	ぶしゅ はへん
龍	ぶしゅ
竜	ぶしゅ
龜	ぶしゅ
亀	ぶしゅ
龠	ぶしゅ やく やくのふえ
𓃗	ひえろぐりふ うま
𓃟	ひえろぐりふ ぶた
𓃠	ひえろぐりふ ねこ
𓃡	ひえろぐりふ いぬ
𓃬	ひえろぐりふ らいおん
𓃭	ひえろぐりふ らいおん
𓃰	ひえろぐりふ ぞう
𓃱	ひえろぐりふ きりん
𓃹	ひえろぐりふ うさぎ のうさぎ
𓅓	ひえろぐりふ ふくろう
𓆉	ひえろぐりふ かめ
𓆏	ひえろぐりふ かえる
𓆛	ひえろぐりふ さかな てぃらぴあ
𓆜	ひえろぐりふ さかな ばーべる
𓆝	ひえろぐりふ さかな ぼら
𓆞	ひえろぐりふ さかな えれふぁんとのーずふぃっしゅ
𓆟	ひえろぐりふ さかな
𓆡	ひえろぐりふ さかな ふぐ
濵	まゆはま
髙	はしごだか
﨑	たつさき
𠮷	つちよし
ㇰ	あいぬ く
ㇱ	あいぬ し
ㇲ	あいぬ す
ㇳ	あいぬ と
ㇴ	あいぬ ぬ
ㇵ	あいぬ は
ㇶ	あいぬ ひ
ㇷ	あいぬ ふ
ㇸ	あいぬ へ
ㇹ	あいぬ ほ
ㇺ	あいぬ む
ㇻ	あいぬ ら
ㇼ	あいぬ り
ㇽ	あいぬ る
ㇾ	あいぬ れ
ㇿ	あいぬ ろ
ㇷ゚	あいぬ ぷ
セ゚	あいぬ せ
ツ゚	あいぬ つ
ト゚	あいぬ と
𛀀	へんたいがな え
𛀁	へんたいがな いぇ え
𛀂	へんたいがな あ
𛀃	へんたいがな あ
𛀄	へんたいがな あ
𛀅	へんたいがな あ を
𛀆	へんたいがな い
𛀇	へんたいがな い
𛀈	へんたいがな い
𛀉	へんたいがな い
𛀊	へんたいがな う
𛀋	へんたいがな う
𛀌	へんたいがな う
𛀍	へんたいがな う
𛀎	へんたいがな う
𛀏	へんたいがな え
𛀐	へんたいがな え
𛀑	へんたいがな え
𛀒	へんたいがな え
𛀓	へんたいがな え
𛀔	へんたいがな お
𛀕	へんたいがな お
𛀖	へんたいがな お
𛀗	へんたいがな か
𛀘	へんたいがな か
𛀙	へんたいがな か
𛀚	へんたいがな か
𛀛	へんたいがな か
𛀜	へんたいがな か
𛀝	へんたいがな か
𛀞	へんたいがな か
𛀟	へんたいがな か
𛀠	へんたいがな か
𛀡	へんたいがな か
𛀢	へんたいがな か け
𛀣	へんたいがな き
𛀤	へんたいがな き
𛀥	へんたいがな き
𛀦	へんたいがな き
𛀧	へんたいがな き
𛀨	へんたいがな き
𛀩	へんたいがな き
𛀪	へんたいがな き
𛀫	へんたいがな く
𛀬	へんたいがな く
𛀭	へんたいがな く
𛀮	へんたいがな く
𛀯	へんたいがな く
𛀰	へんたいがな く
𛀱	へんたいがな く
𛀲	へんたいがな け
𛀳	へんたいがな け
𛀴	へんたいがな け
𛀵	へんたいがな け
𛀶	へんたいがな け
𛀷	へんたいがな け
𛀸	へんたいがな こ
𛀹	へんたいがな こ
𛀺	へんたいがな こ
𛀻	へんたいがな こ き
𛀼	へんたいがな さ
𛀽	へんたいがな さ
𛀾	へんたいがな さ
𛀿	へんたいがな さ
𛁀	へんたいがな さ
𛁁	へんたいがな さ
𛁂	へんたいがな さ
𛁃	へんたいがな さ
𛁄	へんたいがな し
𛁅	へんたいがな し
𛁆	へんたいがな し
𛁇	へんたいがな し
𛁈	へんたいがな し
𛁉	へんたいがな し
𛁊	へんたいがな す
𛁋	へんたいがな す
𛁌	へんたいがな す
𛁍	へんたいがな す
𛁎	へんたいがな す
𛁏	へんたいがな す
𛁐	へんたいがな す
𛁑	へんたいがな す
𛁒	へんたいがな せ
𛁓	へんたいがな せ
𛁔	へんたいがな せ
𛁕	へんたいがな せ
𛁖	へんたいがな せ
𛁗	へんたいがな そ
𛁘	へんたいがな そ
𛁙	へんたいがな そ
𛁚	へんたいがな そ
𛁛	へんたいがな そ
𛁜	へんたいがな そ
𛁝	へんたいがな そ
𛁞	へんたいがな た
𛁟	へんたいがな た
𛁠	へんたいがな た
𛁡	へんたいがな た
𛁢	へんたいがな ち
𛁣	へんたいがな ち
𛁤	へんたいがな ち
𛁥	へんたいがな ち
𛁦	へんたいがな ち
𛁧	へんたいがな ち
𛁨	へんたいがな ち
𛁩	へんたいがな つ
𛁪	へんたいがな つ
𛁫	へんたいがな つ
𛁬	へんたいがな つ
𛁭	へんたいがな つ と
𛁮	へんたいがな て
𛁯	へんたいがな て
𛁰	へんたいがな て
𛁱	へんたいがな て
𛁲	へんたいがな て
𛁳	へんたいがな て
𛁴	へんたいがな て
𛁵	へんたいがな て
𛁶	へんたいがな て
𛁷	へんたいがな と
𛁸	へんたいがな と
𛁹	へんたいがな と
𛁺	へんたいがな と
𛁻	へんたいがな と
𛁼	へんたいがな と
𛁽	へんたいがな と ら
𛁾	へんたいがな な
𛁿	へんたいがな な
𛂀	へんたいがな な
𛂁	へんたいがな な
𛂂	へんたいがな な
𛂃	へんたいがな な
𛂄	へんたいがな な
𛂅	へんたいがな な
𛂆	へんたいがな な
𛂇	へんたいがな に
𛂈	へんたいがな に
𛂉	へんたいがな に
𛂊	へんたいがな に
𛂋	へんたいがな に
𛂌	へんたいがな に
𛂍	へんたいがな に
𛂎	へんたいがな に て
𛂏	へんたいがな ぬ
𛂐	へんたいがな ぬ
𛂑	へんたいがな ぬ
𛂒	へんたいがな ね
𛂓	へんたいがな ね
𛂔	へんたいがな ね
𛂕	へんたいがな ね
𛂖	へんたいがな ね
𛂗	へんたいがな ね
𛂘	へんたいがな ね こ
𛂙	へんたいがな の
𛂚	へんたいがな の
𛂛	へんたいがな の
𛂜	へんたいがな の
𛂝	へんたいがな の
𛂞	へんたいがな は
𛂟	へんたいがな は
𛂠	へんたいがな は
𛂡	へんたいがな は
𛂢	へんたいがな は
𛂣	へんたいがな は
𛂤	へんたいがな は
𛂥	へんたいがな は
𛂦	へんたいがな は
𛂧	へんたいがな は
𛂨	へんたいがな は
𛂩	へんたいがな ひ
𛂪	へんたいがな ひ
𛂫	へんたいがな ひ
𛂬	へんたいがな ひ
𛂭	へんたいがな ひ
𛂮	へんたいがな ひ
𛂯	へんたいがな ひ
𛂰	へんたいがな ふ
𛂱	へんたいがな ふ
𛂲	へんたいがな ふ
𛂳	へんたいがな へ
𛂴	へんたいがな へ
𛂵	へんたいがな へ
𛂶	へんたいがな へ
𛂷	へんたいがな へ
𛂸	へんたいがな へ
𛂹	へんたいがな へ
𛂺	へんたいがな ほ
𛂻	へんたいがな ほ
𛂼	へんたいがな ほ
𛂽	へんたいがな ほ
𛂾	へんたいがな ほ
𛂿	へんたいがな ほ
𛃀	へんたいがな ほ
𛃁	へんたいがな ほ
𛃂	へんたいがな ま
𛃃	へんたいがな ま
𛃄	へんたいがな ま
𛃅	へんたいがな ま
𛃆	へんたいがな ま
𛃇	へんたいがな ま
𛃈	へんたいがな ま
𛃉	へんたいがな み
𛃊	へんたいがな み
𛃋	へんたいがな み
𛃌	へんたいがな み
𛃍	へんたいがな み
𛃎	へんたいがな み
𛃏	へんたいがな み
𛃐	へんたいがな む
𛃑	へんたいがな む
𛃒	へんたいがな む
𛃓	へんたいがな む
𛃔	へんたいがな め
𛃕	へんたいがな め
𛃖	へんたいがな め ま
𛃗	へんたいがな も
𛃘	へんたいがな も
𛃙	へんたいがな も
𛃚	へんたいがな も
𛃛	へんたいがな も
𛃜	へんたいがな も
𛃝	へんたいがな や
𛃞	へんたいがな や
𛃟	へんたいがな や
𛃠	へんたいがな や
𛃡	へんたいがな や
𛃢	へんたいがな や よ
𛃣	へんたいがな ゆ
𛃤	へんたいがな ゆ
𛃥	へんたいがな ゆ
𛃦	へんたいがな ゆ
𛃧	へんたいがな よ
𛃨	へんたいがな よ
𛃩	へんたいがな よ
𛃪	へんたいがな よ
𛃫	へんたいがな よ
𛃬	へんたいがな よ
𛃭	へんたいがな ら
𛃮	へんたいがな ら
𛃯	へんたいがな ら
𛃰	へんたいがな ら
𛃱	へんたいがな り
𛃲	へんたいがな り
𛃳	へんたいがな り
𛃴	へんたいがな り
𛃵	へんたいがな り
𛃶	へんたいがな り
𛃷	へんたいがな り
𛃸	へんたいがな る
𛃹	へんたいがな る
𛃺	へんたいがな る
𛃻	へんたいがな る
𛃼	へんたいがな る
𛃽	へんたいがな る
𛃾	へんたいがな れ
𛃿	へんたいがな れ
𛄀	へんたいがな れ
𛄁	へんたいがな れ
𛄂	へんたいがな ろ
𛄃	へんたいがな ろ
𛄄	へんたいがな ろ
𛄅	へんたいがな ろ
𛄆	へんたいがな ろ
𛄇	へんたいがな ろ
𛄈	へんたいがな わ
𛄉	へんたいがな わ
𛄊	へんたいがな わ
𛄋	へんたいがな わ
𛄌	へんたいがな わ
𛄍	へんたいがな ゐ うぃ
𛄎	へんたいがな ゐ うぃ
𛄏	へんたいがな ゐ うぃ
𛄐	へんたいがな ゐ うぃ
𛄑	へんたいがな ゐ うぃ
𛄒	へんたいがな ゑ うぇ
𛄓	へんたいがな ゑ うぇ
𛄔	へんたいがな ゑ うぇ
𛄕	へんたいがな ゑ うぇ
𛄖	へんたいがな を
𛄗	へんたいがな を
𛄘	へんたいがな を
𛄙	へんたいがな を
𛄚	へんたいがな を
𛄛	へんたいがな を
𛄜	へんたいがな を
𛄝	へんたいがな ん む も
𛄞	へんたいがな ん む も
𛄠	へんたいがな い
𛄡	へんたいがな いぇ え
𛄢	へんたいがな う
あ゙	あ あ" だくてん
ぁ゙	あ あ" ぁ ぁ" だくてん
い゙	い い" だくてん
ぃ゙	い い" ぃ ぃ" だくてん
ぅ゙	う う" ゔ ぅ ぅ" だくてん
え゙	え え" だくてん
ぇ゙	え え" ぇ ぇ" だくてん
お゙	お お" だくてん
ぉ゙	お お" ぉ ぉ" だくてん
っ゙	づ っ っ" だくてん
な゙	な な" だくてん
に゙	に に" だくてん
ぬ゙	ぬ ぬ" だくてん
ね゙	ね ね" だくてん
の゙	の の" だくてん
ま゙	ま ま" だくてん
み゙	み み" だくてん
む゙	む む" だくてん
め゙	め め" だくてん
も゙	も も" だくてん
や゙	や や" だくてん
ゃ゙	や や" ゃ ゃ" だくてん
ゆ゙	ゆ ゆ" だくてん
ゅ゙	ゆ ゆ" ゅ ゅ" だくてん
よ゙	よ よ" だくてん
ょ゙	よ よ" ょ ょ" だくてん
ら゙	ら ら" だくてん
り゙	り り" だくてん
る゙	る る" だくてん
れ゙	れ れ" だくてん
ろ゙	ろ ろ" だくてん
わ゙	わ わ" だくてん
ゐ゙	ゐ ゐ" うぃ ゔぃ い い" だくてん
ゑ゙	ゑ ゑ" うぇ ゔぇ え え" だくてん
を゙	を を" ゔぉ だくてん
ん゙	ん ん" だくてん
ア゙	あ あ" だくてん
ァ゙	あ あ" ぁ ぁ" だくてん
イ゙	い い" だくてん
ィ゙	い い" ぃ ぃ" だくてん
ゥ゙	う う" ぅ ぅ" だくてん
エ゙	え え" だくてん
ェ゙	え え" ぇ ぇ" だくてん
オ゙	お お" だくてん
ォ゙	お お" ぉ ぉ" だくてん
ッ゙	づ っ っ" だくてん
ナ゙	な な" だくてん
ニ゙	に に" だくてん
ヌ゙	ぬ ぬ" だくてん
ネ゙	ね ね" だくてん
ノ゙	の の" だくてん
マ゙	ま ま" だくてん
ミ゙	み み" だくてん
ム゙	む む" だくてん
メ゙	め め" だくてん
モ゙	も も" だくてん
ヤ゙	や や" だくてん
ャ゙	や や" ゃ ゃ" だくてん
ユ゙	ゆ ゆ" だくてん
ュ゙	ゆ ゆ" ゅ ゅ" だくてん
ヨ゙	よ よ" だくてん
ョ゙	よ よ" ょ ょ" だくてん
ラ゙	ら ら" だくてん
リ゙	り り" だくてん
ル゙	る る" だくてん
レ゙	れ れ" だくてん
ロ゙	ろ ろ" だくてん
ヷ	わ わ" ゔぁ だくてん
ヸ	ゐ ゐ" うぃ ゔぃ い い" だくてん
ヹ	ゑ ゑ" うぇ ゔぇ え え" だくてん
ヺ	を を" ゔぉ だくてん
ン゙	ん ん" だくてん
か゚	びだくおん か が
き゚	びだくおん き ぎ
く゚	びだくおん く ぐ
け゚	びだくおん け げ
こ゚	びだくおん こ ご
カ゚	びだくおん か が
キ゚	びだくおん き ぎ
ク゚	びだくおん く ぐ
ケ゚	びだくおん け げ
コ゚	びだくおん こ ご
